ID,logFC,AveExpr,t,P.Value,adj.P.Val,B
LysoPC(15:0),-2.34156092256856,2.71137279295175e-15,-6.72136232911548,5.61497027096525e-08,3.6834204977532e-05,8.30602033591597
LysoPC(14:0),-2.10805669567388,2.22565021967824e-15,-5.93879394266291,6.68183491118735e-07,0.000217280661662751,5.94399522144555
LysoPC(17:0),-2.04656423017228,1.49215130991938e-15,-5.81374770285358,9.93661562482093e-07,0.000217280661662751,5.56544505993888
Inosine,2.16016237644412,-0.14761509080378,5.68577318269612,1.49130127221922e-06,0.000244573408643952,5.17820600622656
Sphingosine 1-phosphate,-1.90702272598213,1.63786808190144e-15,-5.33979329146115,4.46021748984037e-06,0.000585180534667056,4.13389565416123
LysoPC(16:1),-1.88412608362027,-1.13450915328883e-15,-5.2239147610903,6.42968208973234e-06,0.000702978575144069,3.7855644809766
PC(P38:3),1.80644278540504,3.46727854760864e-15,5.06131916733335,1.0724997855831e-05,0.00091134120509881,3.29859256006327
FA (26:0) [M-H]-,1.90200586344407,2.86402845883771e-15,5.04997487821911,1.11139171353513e-05,0.00091134120509881,3.26470698056124
LysoPC(18:0),-1.70887331193255,-2.24126273096203e-15,-4.91629173193793,1.68961424546712e-05,0.00123154105002937,2.86641652920368
LysoPC(16:0),-1.84115577362452,-2.24400937646566e-15,-4.76881653149993,2.67642469679835e-05,0.00175573460109972,2.42950947737942
PC (38:3) [M+H]+,-1.60007029540714,4.19405540389809e-16,-4.70481390080702,3.26518556842635e-05,0.0019472379389888,2.24081855081121
SM (d36:1) [M+H]+,1.66222879844102,9.85684335078988e-16,4.66787830101168,3.66132286209562e-05,0.00200152316461227,2.13220333485937
SM (d36:0) [M+H]+,1.60634924779098,2.97158131434827e-15,4.63138852190585,4.09911255842005e-05,0.00206847526024888,2.02510802015463
LysoPC(18:3),-1.63643262187465,2.54426109809932e-16,-4.55101913636803,5.25338434956275e-05,0.00230979185033796,1.78999914366768
PC(42:6),-1.4213687853488,-6.26813415986286e-16,-4.54928446768177,5.28153624315083e-05,0.00230979185033796,1.78493676064202
LysoPC(20:1),-1.57919073462199,5.73268284694469e-15,-4.49509944368685,6.23967774757512e-05,0.00246468792126572,1.62707493466266
PC(36:6),-1.55321265713498,1.01539147460509e-15,-4.48749517470884,6.3871485764508e-05,0.00246468792126572,1.60496337614761
UDP,1.67984789828844,2.80822818702712e-15,4.40196775822174,8.30092503756778e-05,0.00302522601369137,1.35702322750808
LysoPC(20:0),-1.48411894560862,1.36667297849039e-15,-4.34190306189589,9.97092938805989e-05,0.00344259456766699,1.183765224709
2-Ketoisovaleric acid,-1.75774384679995,2.87501504085223e-15,-4.3249011217493,0.000105007155136083,0.00344423468846351,1.13485874898723
C-PAF/methylCarbamyl-PAF C-16,-1.71497126532819,-0.0865861906789113,-4.2958202974834,0.000114715343240799,0.00358348881742685,1.05135034853312
LysoPC(18:1),-1.67671682167208,-8.00141203294302e-16,-4.26134116941399,0.000127368817499902,0.00362910127222226,0.952579692163817
Dehydroascorbic Acid,-1.70529113429889,-5.71013144175699e-16,-4.26073085426675,0.000127604675280247,0.00362910127222226,0.950833733722445
SM (d36:3) [M+H]+,1.43928636755034,-4.79940161686917e-16,4.24762967800952,0.000132771997764229,0.00362910127222226,0.913374789896029
N-Acetylphenylalanine,-1.75788323966551,-3.08925339013536e-16,-4.20178606121307,0.000152516378465467,0.00400202977093384,0.782607715339934
PC(40:7),-1.48343548412117,6.96346915315023e-15,-4.17457071537074,0.000165566828432025,0.00417737844043877,0.705209744455072
PC(34:5),-1.46989300395738,3.42607886505419e-16,-4.14296952164726,0.000182092755545667,0.00442417954214657,0.615562305199104
Lyso-PAF C16,-1.55409226174191,2.5303833102915e-15,-4.08851695270245,0.000214424054069452,0.00488214550646091,0.461669081636767
LysoPC(20:2),-1.43069008175091,4.73810805405132e-15,-4.08110792763742,0.000219234893865722,0.00488214550646091,0.440787833622168
PC(P-40:3),1.45038165552713,5.68700179541063e-16,4.06414202122565,0.000230651097030697,0.00488214550646091,0.393025326184713
Hydroquinone,-1.4946226249756,-8.92867594096125e-16,-4.0592949151198,0.000234017751335757,0.00488214550646091,0.379393480012906
PC(30:0)),-1.54289045714835,1.50255965077524e-15,-4.05343278982595,0.000238153439339557,0.00488214550646091,0.362915246942762
Proline Betaine,-1.72401729334166,1.07755239916093e-15,-3.96960408741318,0.000305685741653518,0.00607666201590024,0.128282907733654
LysoPC(20:3),-1.37219249997751,-2.41921644753932e-15,-3.91902806697272,0.000355086516044834,0.00685108101545328,-0.0123353653834677
PC(34:4),-1.42587625986876,-2.58415973804678e-15,-3.89587209928952,0.000380215029695493,0.00700158751383252,-0.0764714575059546
2-Hydroxyisocaproic acid,1.66485913909614,-1.02496859379538e-15,3.89230758516021,0.000384233461124955,0.00700158751383252,-0.0863303228177861
Pyruvate,-1.57646666531405,5.62050406216485e-16,-3.86934699203083,0.000411123640562407,0.00728911103267403,-0.149745537708534
6-Phosphogluconic Acid,1.37561600523377,1.04083408558608e-17,3.8438641309125,0.000443106126040883,0.00751757630565999,-0.219942383415833
LysoPC(P-16:0),-1.44111187389759,6.47630097698008e-16,-3.84093829722162,0.000446929079147469,0.00751757630565999,-0.227989510093034
PA(34:1)[M-H]-,1.62052926971963,-4.99311240501991e-16,3.73062731632502,0.000616839096580745,0.0101161611839242,-0.529436913641118
Thiamine (Vit B1),1.47047960252901,-4.28794731203534e-15,3.68619855964673,0.000701643189984688,0.011226291039755,-0.649738011885361
LysoPC(P-18:1),1.38939555157181,-6.24645011641315e-16,3.6372076349393,0.00080819693860162,0.0126232664695872,-0.781621243776577
SM(d30:1),-1.29017850960223,-4.67236926232628e-16,-3.62510276388941,0.0008368368517019,0.0126699952928747,-0.81408015040136
Dihydroorotic Acid,-1.41741915651455,-0.050362930359985,-3.61974764039767,0.000849816757448913,0.0126699952928747,-0.828423462592418
PC(36:5),-1.37187377102093,1.36799209113359e-15,-3.60822173654829,0.000878414825938029,0.0128053361292299,-0.859260611455253
SM (d34:1) [M+H]+,1.2218181373163,1.80978640638522e-15,3.57509245685493,0.000965869360942623,0.0135716906300862,-0.947634512766911
Cholesterol [M-H2O+H]+,1.40213213265888,4.2021146400469e-15,3.56792443287464,0.00098586480776502,0.0135716906300862,-0.9667037999989
PC (35:3) [M+H]+,-1.32450830655176,-7.89588302148777e-16,-3.56538259180246,0.000993050533908744,0.0135716906300862,-0.97346146850687
4-Pyridoxic Acid,-1.37190033508858,-0.0229165254949986,-3.53230718283605,0.00109126962517539,0.0145526103281232,-1.06118015679763
Xanthine,1.45292758893889,-8.74300631892311e-16,3.52010763492179,0.00112980140464139,0.0145526103281232,-1.09343274979018
LysoPC(20:5),-1.24856278975623,-5.31259064517897e-16,-3.51553354806414,0.0011445825994383,0.0145526103281232,-1.10551125418925
"PS(16:0/20:3(8Z,11Z,14Z))",1.28158747728416,8.54640432497907e-16,3.51278289718335,0.00115356057479025,0.0145526103281232,-1.11277096867276
Hydroxybutyrylcarnitine,1.36114950656954,1.65376971376456e-15,3.48516471872886,0.00124753307389682,0.0154411640844588,-1.18550538213123
Taurine,1.30908877758833,1.96110488959178e-15,3.44968650625893,0.00137906445294113,0.0165759406037008,-1.27851412666194
4-Aminobutanoate (GABA),1.31789885175897,-2.76254713549307e-15,3.44694818061598,0.00138975111768833,0.0165759406037008,-1.28567269970174
LysoPE(18:0),-1.400912630909,-9.17668718791731e-16,-3.40951519437025,0.00154403046118065,0.018025405571108,-1.38323688125288
Pimelic Acid,-1.36275334231397,-4.84276970376859e-16,-3.40442567845669,0.00156623188651395,0.018025405571108,-1.39645940671237
SM (d38:2) [M+H]+,1.22575802191517,-6.01486453237025e-15,3.38118322169264,0.00167155923169719,0.0189059113102303,-1.45671182123673
Proline,1.21761772846117,-4.0167522086243e-15,3.36869608467583,0.00173090916548252,0.0189124061232954,-1.48899311054059
LysoPC(P-18:0),-1.33321365128926,8.46978737145676e-16,-3.36417771488666,0.00175287640940449,0.0189124061232954,-1.50065828019492
2-Arachidonoylglycerol,1.33592843612671,0.0659004689289925,3.36300461760123,0.00175862313036741,0.0189124061232954,-1.5036855338547
Caffeine,-1.1244819282651,6.25656933668968e-16,-3.35174091684016,0.00181472485594752,0.0192009597661544,-1.53272370311804
Arginine,1.25392944528073,1.98676434100727e-15,3.33685407648461,0.00189149841326535,0.0196956025254297,-1.57102272350628
Tyramine,-1.22674113403858,0.122199944832954,-3.32775548350073,0.00193993690049045,0.0198843532300271,-1.59438548282916
PC(31:0),-1.30619177503743,5.73253828665502e-16,-3.29182831631943,0.00214301277383935,0.0216279443021326,-1.68629985208314
PC(34:0),1.0800026828661,0.104801689428473,3.27742646392528,0.00222997563980195,0.0221646063592436,-1.72299224269385
Trigonelline/N-Methylnicotinate,-1.14176592459965,1.0245710529988e-16,-3.27080177881193,0.00227109635990985,0.0222364061507592,-1.73984068594454
115.027@1.04_ANPNEG,-1.37414725632184,-8.2052420413703e-16,-3.26282879277857,0.0023215434840019,0.0223960665515478,-1.76009335293015
Malonic Acid,1.46736342722365,-1.19088766625808e-15,3.21982833798095,0.00261251843233017,0.0248378564001245,-1.86884796332186
PC(38:8),-1.20656379278014,4.60858203451172e-16,-3.17842731536835,0.0029251580104458,0.027412909355035,-1.97279027418292
GlcCer (d42:1) [M+Na]+,1.09666417942163,-2.72235937496627e-15,3.13413932883488,0.00329872481464689,0.0299976137517511,-2.08312885099524
"PS(16:0/18:2(9Z,12Z))",-1.21945940567241,1.44068784679874e-15,-3.13267566316395,0.00331181040386158,0.0299976137517511,-2.08676015542822
PI(36:5),-1.0904562231268,-3.19940833085989e-15,-3.12974611586189,0.00333814909127718,0.0299976137517511,-2.09402530590193
GlcCer (d42:1) [M+H]+,1.08878006898278,3.4526779583525e-15,3.12348828971884,0.00339507670999089,0.0300968962399193,-2.1095312146757
Tartaric Acid,1.32076619585626,1.17093834628434e-15,3.10801811617882,0.00353977595435744,0.0309612403474464,-2.1477862055594
Argininosuccinic Acid,1.18894466340038,3.07161703479627e-15,3.09508337791979,0.00366521582945265,0.0312243277496181,-2.17968613040668
Meso-Tartaric Acid,1.31635255071605,-1.39645239816133e-15,3.09263734761549,0.00368940459537748,0.0312243277496181,-2.18570979381403
PC(42:8),-1.16893939986831,1.94325169381819e-16,-3.09030107311616,0.00371264872632655,0.0312243277496181,-2.19146055189528
PC(34:3),-1.15644518158578,1.25449419371056e-15,-3.08542916858814,0.00376156613554567,0.0312352833533919,-2.20344454268969
PC(32:3),-1.15882019373516,-2.29850860566927e-16,-3.07250010077416,0.00389435066455435,0.0315911257475184,-2.23519348963519
Serine,1.12768820715553,1.31441443377659e-15,3.07188914567851,0.00390073351455639,0.0315911257475184,-2.23669181290299
Hypoxanthine,1.336732694489,-0.0654611196859843,3.05728087505692,0.00405632326714168,0.0320753032069022,-2.27246479452265
GlcCer (d41:1) [M+HAc-H]-,1.08981211937317,-1.15041078515195e-15,3.05709794931286,0.00405830818014159,0.0320753032069022,-2.2729121026406
Methionine  Lactamide,-1.29453084172279,-0.0345898105862708,-3.0394602292371,0.00425405455781224,0.033222140356248,-2.3159664413397
LPA(18:1)[M-H]-,-1.26733226896377,-0.0908755623920869,-3.03114219607473,0.00434942608424598,0.0335673354266513,-2.33621922720233
1-Methylguanine,-1.00036719839161,-5.80698683583236e-16,-3.02216304101287,0.00445463650991927,0.0336862134119828,-2.3580442065889
"PS(14:1(9Z)/22:6(4Z,7Z,10Z,13Z,16Z,19Z))",1.25568613553165,2.27986032830252e-15,3.02107630412293,0.00446753135189407,0.0336862134119828,-2.36068300924744
Protoporphyrin,1.04747552022199,1.45803508155851e-15,3.01464243008316,0.00454459622653277,0.0338778991432443,-2.37629392027819
Citraconic Acid,-1.24262009416974,4.47847777381346e-16,-2.9998769738407,0.00472621296694838,0.0348359068125634,-2.41204397400476
PC (o-32:0) [M+H]+,1.12716476277017,4.96564594998361e-15,2.99069148122442,0.00484261693857227,0.0352972967967046,-2.43422995950081
GlcCer (d42:2) [M+H]+,1.06027112142893,-5.19795433547484e-15,2.97659543633547,0.00502650399821896,0.0362350178333147,-2.46819567055732
Creatine,1.24773478803441,1.41148666828646e-15,2.96331917082632,0.00520567804288492,0.037118747784049,-2.50009597213001
Purine,1.08899822111988,1.08246744900953e-15,2.94126230316311,0.00551666922578522,0.0385869579254554,-2.55289967385773
PC(29:0)),-1.14328239584816,-0.00889601711672862,-2.94039624801735,0.00552922872712319,0.0385869579254554,-2.5549680048176
Methionine,1.15754697946599,-3.57815628978149e-15,2.92987260452261,0.00568399990715599,0.0389277748501713,-2.58007051715643
SM(d36:2),1.17752083186416,4.96824803519758e-15,2.9290178451044,0.00569674753904946,0.0389277748501713,-2.5821069515231
PC(32:2),-1.08283013313544,-6.89986262569775e-16,-2.90064979009103,0.00613533526895144,0.0414925766642489,-2.64948177125861
PC(38:7),-1.10574449950307,4.92039857931855e-15,-2.87828649467415,0.00650315040274572,0.0435312924918489,-2.7023039537993
FA (20:4) [M-H]-,1.17659898022026,-2.21003770839445e-15,2.8607371701936,0.00680611401505054,0.0449121943328596,-2.74357384803299
PC(38:3),-1.03457832307682,-1.34744645996498e-15,-2.85823268034914,0.00685040993626875,0.0449121943328596,-2.74945042392328
SM (d42:3) [M+H]+,0.998009445719377,-9.90527104782757e-16,2.85461695541864,0.00691483479819942,0.0449121943328596,-2.75792862231886
4-Hydroxy-Proline,1.23989486675509,4.76326154445298e-16,2.79198011358271,0.00812457810820153,0.052252188617453,-2.90370170550072
Hexanoylcarnitine,1.16574678902105,-7.15501153695601e-16,2.77966191068964,0.00838454806128034,0.0533011237908229,-2.93212221724729
PC(28:1),-1.15682323050372,-0.0911163517432593,-2.77660831188126,0.00845017816195973,0.0533011237908229,-2.93915474967002
PC (38:2) [M+H]+,-0.91695744570762,1.0125002688118e-15,-2.77237483252048,0.00854195703758846,0.0533668934919812,-2.94889619982588
PC(40:8),-1.1391039609197,-1.92796444318614e-15,-2.75752365324944,0.0088712930026366,0.0549015868842416,-2.98299223956386
Beta-Carboxyglutaric Acid,-0.95589361662981,-0.0633689258667834,-2.74745842511958,0.00910115675448481,0.0552923620425538,-3.00603179815234
PC(28:0),-1.06526547644812,7.68482499857726e-16,-2.74675649967486,0.00911739126633444,0.0552923620425538,-3.00763644591122
Theobromine,-0.888102093645253,9.37690318910297e-16,-2.7437471541655,0.00918729796133897,0.0552923620425538,-3.01451293215598
SM (d38:1) [M+H]+,1.02982501288771,1.91665260051987e-15,2.73332291743294,0.00943331304688603,0.0562568487159749,-3.03829412685951
Methylenesuccinic Acid,-1.13805480247433,4.64905891561784e-16,-2.71361720328551,0.00991513155638661,0.0581289766551096,-3.08308486907952
LysoPC(18:2),1.22981821888073,-7.35233633234837e-16,2.71324452938576,0.00992445942892115,0.0581289766551096,-3.0839298663882
Oxalic Acid,0.947510506611224,-8.20003787094237e-15,2.70912523571675,0.0100281061582986,0.0582162622995034,-3.0932647430483
PC(36:3),-1.06417941358887,3.56398938139435e-15,-2.69086031652541,0.0104998535854183,0.060420210105565,-3.13454088807517
Octanoylcarnitine,1.10160940954736,-2.15799600411515e-15,2.68264512482574,0.010718654739703,0.0611429348630012,-3.15304480360927
PC(34:2),0.895252875083941,-4.04768811061255e-18,2.65317825573407,0.0115385787107302,0.064854921954737,-3.21910086159475
Ergocalciferol (Vit D2),1.00391238217279,0.00266913169892145,2.64593831874503,0.011748697659124,0.064854921954737,-3.23525475768381
Galactaric Acid,-0.990920193678798,-3.2809403342308e-15,-2.64162464127283,0.0118755610384869,0.064854921954737,-3.24486520472072
LPA(18:2),-1.01959735117681,0.00270229770943241,-2.63898272545935,0.011953880683254,0.064854921954737,-3.25074584205626
SM (d40:1) [M+H]+,0.955321765492898,5.0538277266791e-16,2.63571923386087,0.0120512838658895,0.064854921954737,-3.25800448835493
PE (34:1) [M-H]-,0.921015432496819,-4.70110061989715e-16,2.63557099021205,0.0120557257020568,0.064854921954737,-3.25833406541937
N-Oleoyl Dopamine (OLDA),1.02760786303099,1.50755149827773e-15,2.63467443399408,0.012082621440218,0.064854921954737,-3.26032702956453
5'-Methylthioadenosine (MTA),1.01670349209021,-6.40438223287187e-16,2.63209540995689,0.0121602978665132,0.064854921954737,-3.26605737984368
Quinic Acid,-0.864324173527953,8.9627379592135e-18,-2.62836990388003,0.0122733167866818,0.064929804935994,-3.27432831497781
PE(16:0),-1.0510136261504,-4.23476719547492e-15,-2.62164908949697,0.0124796519666171,0.0654932135208066,-3.28922874894927
PE (36:1) [M+H]+,-0.966916250610719,-2.79832580718509e-16,-2.60457933414364,0.0130181397297072,0.0677769814499043,-3.3269553049061
SM (d40:2) [M+H]+,0.917239772702939,6.30622579618952e-15,2.59337186598151,0.0133832226005284,0.0691290868184774,-3.35163279017242
Citrulline,-1.03312390525754,2.34245493372735e-15,-2.5770150355006,0.0139329419072835,0.0708542291944736,-3.38751600940069
FA (28:0) [M-H]-,1.11771676723827,1.81565916815285e-14,2.57675877042149,0.0139417169567663,0.0708542291944736,-3.38807694127281
Decenoylcarnitine,0.995149499414202,-2.48846082628873e-15,2.57386278654058,0.0140412344440268,0.0708542291944736,-3.39441318309563
"PI(16:0/16:2(9Z,12Z))",0.939459905334764,-7.42461647718073e-16,2.56591198328862,0.0143178146473002,0.0716983695315184,-3.41178351734861
Lysophosphatidic Acid,1.05579085429196,3.60981499321807e-15,2.55574013009657,0.0146789374645941,0.0728884919145236,-3.43395146133657
SAICAR-riboside,-1.20383721717815,1.83880688453542e-16,-2.55299826316984,0.0147776972936458,0.0728884919145236,-3.43991637501892
PC(42:9),-1.0236341433435,-1.39890992308563e-15,-2.53061041101866,0.0156071409473373,0.0757278979094351,-3.48845255197358
Aconitic Acid,-0.917771262353628,-2.69901288818541e-15,-2.52831677675598,0.01569447864813,0.0757278979094351,-3.49340806846355
"PS(18:0/20:3(8Z,11Z,14Z))",0.926611585586941,-5.6896038806246e-15,2.5281803879,0.0156996861519561,0.0757278979094351,-3.49370264377294
Decanoylcarnitine,1.02518729479925,-8.82396008113536e-16,2.5094677526075,0.016429314864954,0.0786688361416775,-3.53401191051003
LysoPC(22:1),-1.02250619095817,-0.0381301842656509,-2.4782380915882,0.0177162183213645,0.0835742037301646,-3.60080962906579
Glucose+Cl,0.84658556358091,0.118605897168221,2.4748742898697,0.0178601757797058,0.0835742037301646,-3.60796886096685
"PS(18:2(9Z,12Z)/22:6(4Z,7Z,10Z,13Z,16Z,19Z))",0.893893699128534,2.93312827729745e-16,2.47381593483485,0.0179056889880644,0.0835742037301646,-3.61021993331096
N-Acetylglycine,1.01048620339436,2.25629700108717e-15,2.47247842756726,0.0179633578139531,0.0835742037301646,-3.61306376202552
Phosphocholine,0.963071031465822,2.50436245815185e-15,2.46292721818645,0.0183801127586284,0.0849109434483115,-3.63333959109379
GlcCer (d42:2) [M+Na]+,0.852417439005693,-1.22413653288097e-15,2.43389711826677,0.0197013496418837,0.0901682435903297,-3.69461877557593
3-Dehydroxycarnitine,0.81378596569,-4.4705269578819e-16,2.43194897813233,0.0197930290808041,0.0901682435903297,-3.69871225182092
5-Hydroxyhexanoic Acid,0.938055065203563,1.08622601654081e-15,2.42796246761789,0.0199818418003273,0.0904006084207913,-3.70708138619035
Glycine,0.793517010177585,2.75821032680312e-16,2.41391856003808,0.0206600881761209,0.092828889339283,-3.73648511907017
Ornithine,-0.884794084123782,2.88079745243882e-15,-2.40018687513454,0.02134335691441,0.095246545141857,-3.76511487011385
LysoPC(22:4),-0.840423649839332,-1.59768032137464e-15,-2.37007781946906,0.0229136219703709,0.101563081165969,-3.82747113079164
PC(30:0),-0.940966649822015,4.46113053905369e-16,-2.35950204641813,0.0234894606099439,0.103416685638411,-3.849236072838
Fumaric Acid,-1.05770447806486,6.32451267283211e-19,-2.35394682948752,0.0237971358093768,0.104072807273008,-3.86063988127868
"PS(20:3(8Z,11Z,14Z)/22:6(4Z,7Z,10Z,13Z,16Z,19Z))",-0.945805455245039,4.87760873357779e-15,-2.33992456775894,0.0245899777863132,0.106827982965705,-3.88933628335641
Cortisol,0.92089418915867,-1.52178616930065e-15,2.33260584899878,0.025013167843272,0.10795156648149,-3.9042633566291
PC(36:4),0.857355677131471,-4.36340778324033e-15,2.31464481619581,0.0260796313953348,0.111818550296337,-3.94074840576058
PE (36:4) [M-H]-,0.788916626497491,1.17917828279523e-15,2.29861493551691,0.0270657386911132,0.114913583873229,-3.97313233705957
PS(14:1(9Z)/14:1(9Z)),-0.841037768784096,-2.14122701051404e-15,-2.2972403338296,0.0271518376529732,0.114913583873229,-3.97590147706641
PC(P-34:3),-0.85937396250733,1.76182853028894e-16,-2.29206368174706,0.0274782889358183,0.115549727832672,-3.98631868635778
SM(d34:0),-0.989708412478571,-1.0842021724855e-15,-2.2830620811164,0.0280543374511257,0.117220671133366,-4.00439087811261
Malondialdehyde,-0.859654890352463,1.28803218091278e-16,-2.27727326262719,0.0284304791634838,0.11804047045092,-4.01598454886542
Hexadecanedioic acid mono-L-carnitine ester,1.06791589495648,1.40675231879994e-16,2.27302663572632,0.0287092778514399,0.11844834132418,-4.02447542986016
TG (53:0) [M+NH4]+,0.970828444815565,3.93203987888076e-16,2.2656602630783,0.029198700945915,0.118859888874833,-4.03917562645342
Linoleyl Carnitine,-0.882183773616521,8.90057703465767e-16,-2.26387884475327,0.0293181735031268,0.118859888874833,-4.04272516684722
"PG(18:0/18:2(9Z,12Z))",-0.849559230976238,-2.40635058175916e-15,-2.26336680827865,0.0293525945087239,0.118859888874833,-4.04374502664158
SM (d34:2) [M+H]+,0.812478128970512,2.75242791521653e-15,2.24673638851264,0.0304903768772277,0.1218555378096,-4.07677379844961
"PS(16:0/20:4(5Z,8Z,11Z,14Z))",0.814763139791088,2.64256209507134e-16,2.24562337033079,0.0305679123655164,0.1218555378096,-4.07897769222476
Orotidine,-0.736402642861079,-4.77627197052281e-16,-2.24445290092461,0.0306496398454025,0.1218555378096,-4.08129444877234
"3,5-Tetradecadiencarnitine",0.858428511063503,-1.15518127471089e-15,2.22875335981595,0.0317648531190782,0.125528576181417,-4.11228012504134
Dodecanoylcarnitine,0.897271251467595,2.26323589499107e-15,2.22147308207364,0.0322941718659106,0.126856148167888,-4.12659256420505
Kynurenine,-0.850869909074598,9.28077059647592e-16,-2.20121195763528,0.0338088446959568,0.132015488812784,-4.16623519651463
N1-Methy4-Pyridone-5-Carboxamide(4-PY),-0.895566370371967,-3.41798348883297e-15,-2.19040825870498,0.0346420423477867,0.13446851940916,-4.18725931926764
PS(14:0/16:1(9Z)),0.924223188646162,9.94574792893369e-17,2.18699181922664,0.0349092909757561,0.134708793412329,-4.19389114646138
Stachyose Hydrate,0.945540437818051,1.57697205988017e-16,2.17490088979017,0.0358698472087608,0.137605963561094,-4.21729720061597
UDP-N-Acetylglucosamine,0.878388638844817,-2.29850860566927e-16,2.16230795467486,0.0368951177698426,0.140716263122191,-4.24156815627916
FA (20:2) [M-H]-,0.963415160985378,-3.55799012937326e-16,2.15454998879698,0.0375395789977272,0.142346611690804,-4.25646595153857
PS(18:0/20:0),-0.875800541078932,-5.90297486816975e-15,-2.147924174944,0.0380978529145884,0.143633284551552,-4.26915665228478
GlcCer (d40:1) [M+Na]+,0.76196326315817,4.64670981091079e-16,2.13940070882623,0.0388268008048673,0.14554503615996,-4.28543718308444
PC(38:4),-0.770613389222864,-1.99522111795266e-15,-2.13181903094288,0.0394855252709956,0.14717332146462,-4.29987632475489
PC(40:9),-0.724818601594134,0.113253186077072,-2.11543191985159,0.0409430740673093,0.151698706573803,-4.33094802788882
PS(18:0/18:0),0.813647008322717,-2.09344983477984e-15,2.11301346110327,0.0411621490398428,0.151698706573803,-4.33551774954309
"PS(22:6(4Z,7Z,10Z,13Z,16Z,19Z)/22:6(4Z,7Z,10Z,13Z,16Z,19Z))",0.864605541983509,4.138471972522e-15,2.10156816869973,0.0422129714864692,0.154702286564938,-4.35708806185186
Taurocholic Acid,0.776298291289538,2.34332229546534e-16,2.09855481825921,0.042493528662753,0.154865304459811,-4.36275181404278
LysoPC(22:5),-0.758012648238153,-3.8048268239758e-16,-2.09253631262972,0.0430587895489267,0.156058375381745,-4.37404472860221
Oleoyl Ethanolamide,0.878029716504881,-2.13920316645873e-15,2.08119888620483,0.0441415660601003,0.158586163838254,-4.39524827222342
SM(d41:1),-0.757809984887086,3.8372083288607e-15,-2.08018306626859,0.0442397377780494,0.158586163838254,-4.39714363642413
TG (48:4) [M+Na]+,-0.902164879168615,-0.135894562353896,-2.07450934077226,0.0447915922341037,0.159310535191003,-4.40771645768743
Sphingomyelin,0.810462678999187,-6.2233204700668e-16,2.07312131495899,0.0449275137352677,0.159310535191003,-4.41029951873032
SM(d40:0),-0.864169391243271,-0.0215910773404132,-2.06540643121331,0.0456895958681825,0.160226484525304,-4.42463160667183
PC(35:2),-0.857103947195021,2.24675602196929e-15,-2.06390419501473,0.0458392976569408,0.160226484525304,-4.42741740401369
Nicotinamide,0.770747906484236,0.00714279041399714,2.06311049013176,0.0459185656871297,0.160226484525304,-4.42888862675287
PC(30:1),-0.826391709962008,-4.58256118237207e-16,-2.04371605237783,0.0478931408637773,0.163509889536322,-4.46469838365034
Dimethylarginine,-0.75273980266328,9.37350602229584e-15,-2.04353832898338,0.0479115729244166,0.163509889536322,-4.46502528395389
TG (49:3) [M+NH4]+,-0.864185676962614,-6.85938574459163e-16,-2.04228905044631,0.0480413131146293,0.163509889536322,-4.46732253750959
Homogentisic Acid,-0.79466231087153,3.89011739487799e-16,-2.04211929036771,0.0480589667109074,0.163509889536322,-4.46763461667228
"3,4-Dihydroxyphenylacetic Acid (DOPAC)",-0.939697398926215,-3.36970035208495e-15,-2.03926615279498,0.0483565174048726,0.163509889536322,-4.47287659356362
Cytidine,-0.962455922416769,-0.000974685142024622,-2.0383615900409,0.0484511884649568,0.163509889536322,-4.4745372947739
Linolenyl Carnitine,-0.795256783348435,-1.13624387676481e-16,-2.03041836625343,0.0492894925496488,0.163509889536322,-4.4890950773251
FA (22:4) [M-H]-,0.874062051749839,4.16116793799937e-16,2.02824859704761,0.0495206717586733,0.163509889536322,-4.49306376662034
PS(16:0/18:0),0.709555520744239,1.46117926785871e-15,2.0273820091641,0.0496132666562217,0.163509889536322,-4.49464787852469
PE(38:4),0.740832108253882,-9.30390024282228e-16,2.0268072177349,0.0496747663283239,0.163509889536322,-4.4956982909588
hydroxyoctanoyl carnitine,0.822968545316392,2.96840098797565e-15,2.02634751709499,0.0497239997019857,0.163509889536322,-4.49653820700106
Quinaldic Acid,0.845091570751731,8.47123297435341e-15,2.02516746977676,0.0498505760781468,0.163509889536322,-4.4986935647311
PI(36:4),-0.737107917372377,-1.05174838745577e-15,-2.01280084887867,0.0511940455754775,0.167081064166732,-4.52122060046791
Cys-Gly,-0.805664766118419,-5.76470295110543e-16,-2.00158148218072,0.052440027759728,0.170300288170206,-4.54156180688222
hydroxydecanoyl carnitine,0.835282810902431,1.0046940131699e-15,1.99442268872736,0.0532487579143851,0.170443785329976,-4.55449313425098
3-Methylhistidine,-0.80074906813644,-1.30798150088651e-15,-1.99326479532049,0.0533805776587769,0.170443785329976,-4.55658118980235
PC (o-34:0) [M+H]+,0.676795373581754,-1.91455647631974e-15,1.99311720016743,0.0533974008870735,0.170443785329976,-4.55684728117302
PC(44:8),0.730398307718452,1.23454487373683e-15,1.9920121282746,0.0535235057591083,0.170443785329976,-4.55883905051164
PG(16:0/18:0),0.826686994630582,2.68679754370874e-15,1.97762037587115,0.0551895620065705,0.174900254474929,-4.58469702613368
PC (30:0) [M+H]+,-0.795346783418314,-4.09683860909856e-16,-1.96661744176156,0.0564934434460866,0.178171629329965,-4.60436377432578
LysoPC(22:6),-0.746366719815256,2.25051458950058e-15,-1.95216488868675,0.0582465443413594,0.181974972056695,-4.63006093508486
Ribothymidine,0.675581117628079,0.124889564653434,1.94996138830322,0.0585179159170872,0.181974972056695,-4.63396528517765
"PS(16:1(9Z)/22:6(4Z,7Z,10Z,13Z,16Z,19Z))",0.768452116294738,-6.59718951921221e-15,1.94985063884328,0.0585315839999429,0.181974972056695,-4.63416142571568
Isoleucine,0.848829388554653,-5.08649835214333e-15,1.94758092600836,0.0588123068946154,0.181985251522961,-4.63817915406371
Palmitoyl Ethanolamide,0.854854386901463,2.70934894889644e-15,1.94498247146803,0.059135114995079,0.182125048998929,-4.6427741200854
1-Methylnicotinamide,0.824190004798357,-0.0754180509919883,1.92926900964406,0.0611199540660602,0.187358363866054,-4.67045418398984
GAR riboside,-0.769863876541527,-0.0370785242882444,-1.9092371424458,0.0637332057139525,0.192951308988522,-4.70547460655551
PE(38:2),0.702466713607534,3.01263643661305e-16,1.90903939399894,0.0637594739315746,0.192951308988522,-4.70581882182446
TG (50:5) [M+NH4]+,-0.676981092250557,0.10882826358787,-1.9085322687463,0.0638268811745567,0.192951308988522,-4.7067014268483
SM (d33:1) [M+H]+,0.660609203110588,-5.12943275817375e-15,1.88929071721541,0.0664300444675742,0.199899583351966,-4.74004693533698
Acetylcarnitine,0.761936228237376,-4.90348502542778e-16,1.88418524454919,0.0671358307300037,0.20020815512531,-4.74884791407194
TG (50:1) [M+Na]+,0.76428961794713,-1.4883927423881e-15,1.88413377228912,0.0671429788530002,0.20020815512531,-4.74893654348161
SM (d41:2) [M+H]+,0.645318183601632,2.03049382863085e-15,1.87895055729158,0.0678661304884166,0.201379667070271,-4.75785120736816
Leucine,0.827553987869278,-1.75900960464048e-15,1.8769300461896,0.0681498263560978,0.201379667070271,-4.7613208044099
Urea,0.824482035988372,-6.73231724997632e-15,1.8699642103824,0.0691356674220872,0.202893590540123,-4.77325876397276
Tetradecenoylcarnitine,0.773638345211856,1.80151032980191e-15,1.86894632731539,0.0692807382332128,0.202893590540123,-4.77500012049336
Xanthurenic Acid,-0.774809195185,3.44147453590349e-15,-1.84682587671769,0.0724981481774779,0.211372378686336,-4.81264850743793
PC (40:5) [M+H]+,-0.621032769786748,2.28000488859218e-15,-1.83957589882295,0.0735799518144499,0.212995092927025,-4.82490662642347
5-Methylcytidine,-0.664756343305759,0.131520444024117,-1.83856632153329,0.0737316786365484,0.212995092927025,-4.8266104128026
TG (48:3) [M+Na]+,-0.780608378978575,-2.82723786511803e-16,-1.83659452170518,0.0740287822978074,0.212995092927025,-4.82993581960543
PE(36:4),0.654357443557084,1.95618983974318e-15,1.8329706355706,0.074577468964806,0.213636766990885,-4.83603967919254
SM(d43:2),-0.70456800203894,7.73686670285656e-16,-1.82728328393543,0.0754455421260067,0.215183807107219,-4.84559882394915
PC (p-38:4) or PC (o-38:5) [M+H]+,0.729528326243458,-1.73472347597681e-18,1.82328720585073,0.0760605872882075,0.215998897234044,-4.85230047429558
PS(14:0/18:0),0.683259808774742,-6.31468257313491e-15,1.81420651191776,0.0774740373006555,0.217705703620337,-4.86748366774137
4-Hydroxyphenylpyruvic Acid,0.646193753232445,-0.131883827415675,1.8134038358416,0.0776000404530882,0.217705703620337,-4.86882271266446
"PS(18:0/20:4(5Z,8Z,11Z,14Z))",0.72537042086645,3.32705506663385e-15,1.81303996594104,0.0776572174499374,0.217705703620337,-4.86942956626565
N-FormyGAR (FGAR)--riboside,0.764456270552308,2.67205239416294e-15,1.80414288205385,0.0790664033196554,0.220713023734868,-4.88423613480248
Oleoylcarnitine,-0.727083673618238,-2.27346353548485e-15,-1.79952096463555,0.0798069497640783,0.221836267140828,-4.89190382157056
Cystine,0.645566586744382,7.58001878857032e-16,1.79707625140768,0.0802010175095706,0.221991002051807,-4.89595287988231
Sn-Glycero3-Phosphocholine,-0.743152790004525,1.00498313374923e-15,-1.79204550770566,0.0810171032727694,0.223307645995532,-4.90427049160862
SM(d36:1),0.694206361913511,-1.55951640490315e-15,1.78682498933822,0.0818713712820582,0.224718073477114,-4.91288112152783
Glycolic Acid,-0.716136731064718,6.85794014169498e-16,-1.783886310083,0.0823555788110039,0.225105248750077,-4.91771881984746
"PG(18:0/20:3(5Z,8Z,11Z))",-0.721720893014545,-3.29308339856264e-16,-1.77693710814817,0.0835102093031822,0.227314096692479,-4.92913199234512
N-Formylglycine,-0.885394794644343,1.72518249685893e-15,-1.77076164082464,0.0845476876004474,0.228952671671416,-4.93924285265239
lysoPC(6:0),-0.768566443864887,-0.02851152435872,-1.76826093437821,0.0849708787180289,0.228952671671416,-4.94332870662029
S-Adenosylhomocysteine (SAH),-0.684551064880582,4.32524386676884e-16,-1.76707884169642,0.0851715415747786,0.228952671671416,-4.94525840529914
Glycerylphosphorylethanolamine,-0.756903003968995,0.0097222358246374,-1.76510062754187,0.0855082386577696,0.228952671671416,-4.94848528590079
PC (36:4) [M+H]+,0.635622800827458,-2.93573036251142e-15,1.75728095740915,0.0868501315663271,0.231157875142755,-4.96121085833429
SM(d34:1),0.847394320035688,4.08932147403599e-15,1.75620250793372,0.087036577988202,0.231157875142755,-4.96296215093115
PI(42:9),-0.639387873839654,3.79774336978222e-15,-1.74790868574515,0.0884816942729812,0.234048352593047,-4.97640001871303
TG (48:3) [M+NH4]+,-0.733455258615361,-9.87635898989462e-16,-1.74249147771475,0.0894364003965165,0.235623609076766,-4.98514797710263
PC(40:5),-0.657639931120515,-5.95443833129039e-16,-1.72826449189644,0.0919848303089877,0.241368194730784,-5.00801243076469
TG (48:2) [M+NH4]+,-0.731646475127989,5.8113236445223e-16,-1.72578987838993,0.0924342330591492,0.241581103134669,-5.01197313672093
FA (22:5) [M-H]-,0.785084367480805,3.84530370508192e-16,1.71925634797989,0.0936295693835666,0.243097103891124,-5.0224070333393
FA (20:3) [M-H]-,0.74204661004327,9.82377518452908e-16,1.71857242427849,0.0937554379336196,0.243097103891124,-5.0234972920521
Ergothioneine,0.57268574630433,-1.08853898117545e-16,1.70131388266346,0.0969786550532961,0.250464557932922,-5.05088683577302
PA(36:2)[M-H]-,0.755767672838107,-1.45297547142024e-15,1.67930338108372,0.101222445157191,0.258759203035697,-5.08547409164383
Dodecenoylcarnitine,0.691922207240093,1.06380110160657e-15,1.67900548401902,0.101280920333053,0.258759203035697,-5.08593955439096
N-Acetycysteine,0.807442389074977,-4.33286942204865e-15,1.67853336595133,0.10137365118929,0.258759203035697,-5.0866770912555
SM(d40:1),-0.592371444371711,-1.07205910815367e-15,-1.67208339509906,0.102647572206549,0.260995377393395,-5.09673528908856
Hydroxy-octadecenoylcarnitine,0.735361523843028,2.58473797920544e-16,1.66869735686406,0.10332162279785,0.261205013702366,-5.10200219792281
Cervonyl carnitine,-0.758173381480099,1.71275031194777e-15,-1.66732081475161,0.103596691480009,0.261205013702366,-5.10414075101754
PC(42:10),-0.563730566547168,-0.0988399915523911,-1.6656840032173,0.103924555756582,0.261205013702366,-5.10668167216271
TG (48:4) [M+NH4]+,-0.703399261819385,7.13549589785127e-16,-1.6600291524486,0.105063860107294,0.26306065736788,-5.11544348555043
FA (14:0) [M-H]-,0.796322539126236,-9.11308066046483e-16,1.65702970859252,0.105672339762208,0.263578155452504,-5.12008049372212
PG(18:0/18:1(11Z)),-0.609392090034714,9.06103895618552e-16,-1.65205813898847,0.106687290400981,0.265101751905467,-5.12775038026011
LysoPC(22:0),-0.566261442126694,-0.0836033279321569,-1.64761255916147,0.107601647812389,0.265475825031051,-5.13459193728508
Ribose,0.574808628661767,-0.145226053459168,1.64739185397825,0.10764720954003,0.265475825031051,-5.13493117803162
PC(36:1),-0.589825136787974,-2.24646690138997e-15,-1.64222977544735,0.108717390107866,0.266936597702948,-5.14285447892904
Lysine,-0.701333609217248,-1.87870552448288e-15,-1.63985221027807,0.109213231462862,0.266936597702948,-5.1464965799884
PC(40:6),-0.58076093040675,-4.3932594830561e-15,-1.63867091154936,0.10946028168002,0.266936597702948,-5.14830446799718
Glutamine,0.645495179875379,4.36456426555765e-15,1.63180625281264,0.110905019975502,0.269458122607145,-5.15878797493718
PC(44:7),0.656568174560086,2.64111649217469e-15,1.60797800735621,0.116041770361048,0.280898159988367,-5.19488125913113
LPE (22:6) [M-H]-,-0.680291239857918,1.28600833685747e-15,-1.5991630137582,0.117990641677687,0.284565665222656,-5.20811650862227
1-AcyPAF,-0.588032777700061,6.34330551048852e-16,-1.58873880720297,0.120329641261311,0.287923165050994,-5.22368602217812
Kynurenic Acid,-0.628416278471086,3.04707792562568e-15,-1.5865914278214,0.120816130472458,0.287923165050994,-5.22688228913551
FA (16:0) [M-H]-,0.802638106614112,-3.07046055247895e-15,1.58153247339576,0.121968562693763,0.287923165050994,-5.23439735630623
TG (52:0) [M+Na]+,-0.7173552796165,7.06610695881219e-16,-1.578298423385,0.122709949791204,0.287923165050994,-5.23919053547847
Corticosterone,0.656477295467607,-4.49871621436652e-16,1.57771715851695,0.122843588548303,0.287923165050994,-5.24005111708382
Lithocholic Acid,0.702612732392989,-0.0245800665421357,1.57623547664281,0.123184776963026,0.287923165050994,-5.2422435407762
Lyso-PAF C18,-0.574998247572873,-3.89532156530592e-15,-1.57494683522174,0.123482138745256,0.287923165050994,-5.24414885945442
AICA riboside,0.661093916861939,5.18393198737736e-16,1.57467076204147,0.123545919997004,0.287923165050994,-5.24455686959626
PE(38:6),0.558271748922916,1.67111694852432e-15,1.57371900937246,0.123766008589149,0.287923165050994,-5.24596299031047
Methylmalonylcarnitine,0.571732864571476,-6.72855868244504e-16,1.57369377439855,0.123771848390824,0.287923165050994,-5.24600026236742
PC(P-36:1)),0.599710271472028,-6.51388665229291e-16,1.56619862592521,0.125516269460962,0.29094937373283,-5.25704742390554
4-Imidazoleacetic Acid,0.678963174553124,-1.01192202765314e-18,1.55949328107283,0.127093699044556,0.293568544271932,-5.26689129545652
TG (50:4) [M+NH4]+,-0.678331320588506,6.75385673313637e-16,-1.55346618112873,0.128525220133918,0.295833489150351,-5.27570782192712
PC(P-32:0),0.608480495119616,-2.10479781751853e-15,1.53954965883902,0.131880363611813,0.302494820032691,-5.29595042808487
TG (50:4) [M+Na]+,-0.670812730055605,5.41884245808255e-16,-1.53465408074263,0.133077284475,0.304176650228572,-5.30303327672503
PE (p-34:2) or PE (o-34:3) [M-H]-,-0.570784415362238,-6.01370805005293e-16,-1.52694614320007,0.134979497295118,0.307453299394434,-5.31414469658813
2-Hydroxybutyric acid,0.627095368749278,1.08434673277517e-15,1.52233678392849,0.136127420237873,0.308302144151213,-5.32076575417924
Uracil,0.62020745441601,2.32857714591953e-15,1.52167806609824,0.136292106408311,0.308302144151213,-5.32171051797707
Isovaleric Acid,-0.580679069927436,-4.51071471840869e-15,-1.51682149928905,0.137511236377822,0.309990965855159,-5.32866488243799
LysoPC(20:4),-0.542008157549998,1.57628539850426e-15,-1.5090446446101,0.139481624321824,0.313355977928481,-5.33976001404726
TG (48:1) [M+NH4]+,-0.651374512886234,-1.46295013140711e-16,-1.50277330204791,0.141086965869383,0.315880715393568,-5.34867048398073
PAF C16:0,-0.657367232667686,1.12670289764694e-15,-1.49679671906917,0.142630559223023,0.317697338490084,-5.35713155419592
TG (58:3) [M+Na]+,-0.697860129110608,5.60893923899168e-17,-1.49439208442858,0.143255401837827,0.317697338490084,-5.36052736998212
FA (18:0) [M-H]-,0.751921775516442,-5.16513914972094e-15,1.49201115040721,0.143876234638682,0.317697338490084,-5.36388494343161
FA (18:2) [M-H]-,0.703634852777884,-1.72315865280363e-15,1.49087309551919,0.144173741007173,0.317697338490084,-5.36548814082469
Succinic Acid,0.61407072733498,7.73093973098031e-15,1.49031495373332,0.1443198275458,0.317697338490084,-5.36627400786388
SM(d32:0),-0.576989574798004,-1.59016318631207e-15,-1.48757159683721,0.145039581510545,0.318213931340862,-5.37013287319752
PC (40:6) [M+H]+,-0.544292933257377,-9.43978691510712e-16,-1.4847274339911,0.14578879766097,0.318391978512702,-5.3741268673031
PI(16:0/16:0),0.589291030147008,-5.84601811404184e-16,1.48216641834942,0.146466058316154,0.318391978512702,-5.37771743300104
PC(44:6),-0.56572511399396,2.51077732100572e-15,-1.48063463466938,0.146872332796878,0.318391978512702,-5.37986237348554
TG (49:2) [M+NH4]+,-0.683799285136857,5.66820895775422e-16,-1.47782694309278,0.147619341305815,0.318391978512702,-5.38378883399329
PC(32:1,-0.548915993741177,-2.59427895832332e-15,-1.4771883416469,0.147789666884826,0.318391978512702,-5.38468097099048
Thiosulfate,-0.592188516932177,-1.48607977775346e-15,-1.47563614166249,0.148204315143441,0.318391978512702,-5.38684799035836
"PG(16:1(9Z)/20:4(5Z,8Z,11Z,14Z))",-0.582538509044285,1.37332275181497e-16,-1.4731578238219,0.148868276892012,0.318391978512702,-5.39030375601475
PI(38:3),-0.601817811987363,-3.41610420506733e-15,-1.47109937163024,0.14942154579528,0.318391978512702,-5.39317013016815
PC (35:2) [M+H]+,-0.531104054407097,-3.27284495800958e-16,-1.47084912931759,0.14948891674072,0.318391978512702,-5.39351834681662
Valine,0.633134947048351,2.09583507955931e-15,1.46427127322276,0.151268479691776,0.321139555591602,-5.40265262514164
TG (49:1) [M+NH4]+,-0.517332993817661,-0.138750646131194,-1.46184531445139,0.151929013997209,0.321501397361836,-5.40601219934745
Galactose,-0.517772788402094,-3.9363766875707e-16,-1.4562889600785,0.153450485970608,0.323676909314209,-5.41368815907811
Taurodeoxycholate,0.552798710644774,6.20326272987581e-16,1.44015820613736,0.157935777164123,0.332070095575848,-5.43582442107073
SM(d42:1-OH),-0.612615982567064,9.80118763926896e-16,-1.43341969139239,0.159839780985232,0.33499966877416,-5.44500637760562
TG (51:4) [M+NH4]+,-0.630472632388444,-1.32200384898399e-16,-1.42398346233549,0.162536303521091,0.339566290158712,-5.45779940983624
Maleic Acid,-0.494650064345592,-0.138691767088731,-1.42130965906514,0.163306828364867,0.340092950499533,-5.46141060237078
TG (52:6) [M+NH4]+,-0.63149701862511,-6.60351403188505e-16,-1.41796617447381,0.164274363220238,0.341025260355937,-5.46591768428604
Diethanolamine,-0.497370897568779,0.118231927783164,-1.41240513395908,0.165893546091317,0.343300208946069,-5.47339296111787
"PS(14:0/20:3(8Z,11Z,14Z))",-0.508832212925923,3.59376880106529e-16,-1.40852039681204,0.167032031654089,0.343424126318664,-5.47859925243227
PA(44:11)[M-H]-,0.516449589981829,-5.75349952865641e-16,1.40748871681178,0.167335405650695,0.343424126318664,-5.47997973469188
Myo-Inositol,-0.576995856773629,3.01610588356501e-15,-1.4068482245309,0.167523964057885,0.343424126318664,-5.48083631434532
Hexadecadienoylcarnitine,0.547876465307778,-3.35668992601512e-16,1.39375193125224,0.171415937673193,0.349642807053779,-5.49827404123581
TG (56:5) [M+NH4]+,-0.611841230190564,-0.120891205213956,-1.39154997935378,0.172077172982473,0.349642807053779,-5.50119151569249
FA (18:1) A [M-H]-,0.635963676145093,5.03358928612604e-16,1.39128644726544,0.172156443107272,0.349642807053779,-5.50154040374922
PA 44:10[M-H]-,0.526922594113558,5.08776325467789e-15,1.38384741302774,0.174405828719986,0.351957406486891,-5.51136429700638
Adenine,0.61704431701889,0.0967260722532263,1.38250155138313,0.174815211228532,0.351957406486891,-5.51313654826346
Cysteineglutathione Disulfide,-0.623199629550572,-3.8568685282551e-16,-1.38071923187738,0.175358501878077,0.351957406486891,-5.51548113823793
N-Acetylneuraminic Acid,0.502931777135358,-2.87674976432821e-16,1.38031610742386,0.175481564565508,0.351957406486891,-5.5160110581904
5'-Phosphoribosylglycinamide(GAR),0.464345327805967,0.138833875729042,1.377859611632,0.176232912228542,0.351957406486891,-5.51923718005705
UMP,0.543141997389405,-2.47140271210829e-15,1.37693870529841,0.176515223680163,0.351957406486891,-5.52044527096114
PS(18:0/18:1(9Z)),-0.51929258790512,-2.36211513312175e-15,-1.37507028590021,0.177089079459605,0.352031624622731,-5.5228941146225
PC(30:2),-0.580247898739439,5.47883497829342e-16,-1.36909323494701,0.178934541351339,0.353851921464784,-5.53070774833275
3-OH-Linolenyl carnitine,0.492448713360935,-0.0675136877267349,1.36830671598736,0.17917848836068,0.353851921464784,-5.53173365129291
PC (35:1) [M+H]+,-0.49596024195171,3.041548494546e-15,-1.36525792450545,0.180126532595826,0.353851921464784,-5.53570532880749
Thiamine Monophosphate,0.652997372513383,2.63215375421548e-15,1.36514278696878,0.180162411233595,0.353851921464784,-5.53585516203212
"PG(18:0/22:4(7Z,10Z,13Z,16Z))",0.505828300194584,-5.14634631206453e-15,1.36195452926719,0.181158115402416,0.35426202916302,-5.5399996297401
TG (51:3) [M+NH4]+,-0.556566333518845,-1.73212139076284e-15,-1.36101837964813,0.18145128322984,0.35426202916302,-5.54121487959264
Cysteine-S-Sulfonic Acid,0.538981337818203,1.71332855310643e-15,1.35797678309636,0.182406326498088,0.354528038891742,-5.54515806299863
Sphingosine,-0.598591517989291,1.10126028666594e-15,-1.35714425285847,0.182668410282635,0.354528038891742,-5.54623597794825
Spermine,0.571873547913501,1.95586457909143e-15,1.35071465854187,0.1847022546213,0.35551639497109,-5.55454048604802
LPE (18:1) [M-H]-,-0.611085084705362,1.09706803826567e-15,-1.35041917150895,0.184796141723154,0.35551639497109,-5.55492127976035
PC(P-36:3),0.512701003331889,-2.08354745493781e-15,1.34894361444552,0.185265529895022,0.35551639497109,-5.55682169722612
Adenylosuccinate,0.550839056974003,0.130459263803827,1.34869270490331,0.185345437622123,0.35551639497109,-5.55714466423549
PE(36:2),0.50813247886133,-1.52684577943892e-15,1.34464137075246,0.186639345676479,0.356954550331692,-5.56235193470104
DG (34:1)+Na,-0.54932734931283,4.13117167789393e-16,-1.34191710103682,0.187513311243247,0.357583523766192,-5.56584550389946
Propionylcarnitine,0.454210276599411,-1.09865820145198e-17,1.33102248173471,0.191039794834894,0.363252479454174,-5.57975227580299
Beta-Alanine,-0.567437149373807,-7.92190387362742e-16,-1.32337735194109,0.193544589524933,0.366931531407516,-5.58944957083726
PC (40:4) [M+H]+,-0.47755859538131,-3.11643072459233e-15,-1.3217125101528,0.194093355790256,0.366931531407516,-5.59155456038142
PC (35:4) [M+H]+,-0.539264669209943,-4.45390252457045e-16,-1.31422055207738,0.196577558551882,0.370559995431133,-5.60099735252366
FA (17:1) [M-H]-,0.631764591232774,1.52019600611434e-15,1.30809946612636,0.198625111856627,0.372476828336262,-5.60867598384319
Ophthalmic Acid,-0.597896576234702,2.40982002871111e-16,-1.30778715606804,0.198730015118432,0.372476828336262,-5.60906688620725
SM(d36:0),0.497578474334117,1.36522737559375e-15,1.29391067762334,0.20343364764323,0.378654346964062,-5.62634931797748
SM (d39:1) [M+H]+,0.471383546625514,3.89040651545732e-15,1.29331101347078,0.203638795929275,0.378654346964062,-5.6270923711665
TG (50:3) [M+Na]+,-0.523881508128519,1.82926590541754e-15,-1.29254489277207,0.203901117565698,0.378654346964062,-5.62804122506078
Deoxycorticosterone Acetate,-0.463718277535958,0.150286293700154,-1.29127989509395,0.204334815282436,0.378654346964062,-5.62960682151572
PC(32:6),0.547864057807619,8.52725008659849e-17,1.27493306858088,0.210002127573984,0.387674850860405,-5.64971186115021
PI(38:4),-0.532396895751536,-3.11353951879904e-15,-1.27235696279463,0.210905930484911,0.387674850860405,-5.65285881973122
SM(d42:1),-0.461998851672932,1.9642852159644e-15,-1.27215904050309,0.210975490483483,0.387674850860405,-5.65310035925231
Phosphocreatine,-0.516977267933214,-0.0337280571479984,-1.25351416325687,0.217605834341547,0.398741417117472,-5.67569941550458
SM(d38:1),-0.461502599450485,4.51263014224675e-15,-1.24678999568652,0.220034864970347,0.402069279722975,-5.68377439345882
PI(16:0/18:0),-0.448489633192663,-5.69856661858381e-16,-1.23782929753154,0.223303168735245,0.406636788502243,-5.69447306253123
Succinic Semialdehyde,0.503942399563513,-8.30932544992891e-16,1.23608408721149,0.223943892138482,0.406636788502243,-5.69654849547946
"PS(DiMe(13,5)/DiMe(13,5))",-0.513562664430041,0.0389661148539828,-1.23486007461493,0.224394081460079,0.406636788502243,-5.69800250168799
PE(O-38:5),0.514770443815551,4.75307004403162e-15,1.23147846274351,0.225641325393278,0.407770549471047,-5.70201262161493
Lactic Acid,-0.472984005048618,-2.05217787208056e-15,-1.22243634624454,0.229001595400207,0.412706171930043,-5.71268548722698
Erythrose,0.507800859742044,-6.88685219962792e-16,1.2197331455727,0.23001332488777,0.413172128545948,-5.71586211570374
AMP,0.539827566245827,-0.0681352140302272,1.21690634890012,0.231074843024559,0.413172128545948,-5.71917703980376
Bilirubin,0.419752799479288,1.02854646096458e-15,1.21592620308259,0.231443750667337,0.413172128545948,-5.72032477707059
PE(O-36:4),-0.460894992312654,-6.64977332457776e-18,-1.2149384621736,0.23181595665223,0.413172128545948,-5.7214805437029
Uridine,0.490158447514233,-2.17794532408888e-15,1.21336623660566,0.232409322307096,0.413172128545948,-5.72331843210271
TG (52:3) [M+Na]+,0.471302427564288,-3.7793842129948e-15,1.20722541995053,0.234737630075462,0.416183473863523,-5.73047579838849
Uridine+Cl,0.495906477621924,5.46979996018937e-16,1.19751320713857,0.238455020565954,0.421634753345731,-5.74172716981846
Palmitoylcarnitine,-0.482210844518829,3.14729434643575e-15,-1.1883430623791,0.242004405583697,0.426760457158348,-5.75227329765655
PC(34:1),0.470276384809033,6.67521593555875e-15,1.18088885891485,0.244917970487545,0.429786541834082,-5.76079061427933
2-Hydroxyisovaleric acid,0.434923168270554,-5.66676335485757e-16,1.18060164359116,0.245030741838333,0.429786541834082,-5.76111779711263
TG (54:7) [M+NH4]+,-0.542028713022827,-6.01659925584623e-16,-1.17438493256743,0.247480939321494,0.431276628911826,-5.76818148740955
2-Methyladenosine,0.368935987496776,-3.87385436229071e-16,1.17406445464735,0.247607731164355,0.431276628911826,-5.7685446893076
3-Methyladenosine,0.370422079098577,-4.61942405623657e-16,1.17344592773612,0.247852574847193,0.431276628911826,-5.76924541375381
TG (48:0) [M+NH4]+,0.521773914595822,6.6217286283828e-15,1.17149783572073,0.248624877313689,0.431475977560264,-5.77145015074487
TG (48:1) [M+Na]+,-0.5216373217061,-1.09442981297928e-15,-1.16844425782422,0.249838956906242,0.432438933325844,-5.77489916242023
TG (48:0) [M+Na]+,0.542737339974504,-7.17705698112988e-16,1.16429000283588,0.251497561838331,0.433587905436848,-5.77957795035762
PC(36:2),-0.401961341559927,-1.51412447394842e-15,-1.16347302102297,0.251824682883291,0.433587905436848,-5.7804962641363
FA (18:3) B [M-H]-,0.552900411065074,-6.8463753185218e-16,1.15453269565147,0.255424572568952,0.438297760591127,-5.79050627810563
TG (46:2) [M+Na]+,-0.494228334745441,-0.118494239876317,-1.15336766534714,0.255896405954881,0.438297760591127,-5.79180540769446
Hydroxy-tetradecadiencarnitine,0.365316360068782,0.137384253014407,1.14862506917139,0.257823637654926,0.440448714327166,-5.79708128451236
"PG(16:0/20:4(5Z,8Z,11Z,14Z))",0.362156033357749,-1.6228338117763e-15,1.14343230765381,0.259945777990178,0.442920598341706,-5.80283471005102
3-Methyladenine,0.463380707248983,7.91288692555958e-15,1.14109221079909,0.260906209395473,0.44340537140785,-5.80541952300833
PI(36:3),-0.405431811046695,-4.67797097355079e-16,-1.12676837085913,0.266840663382409,0.452319057309717,-5.82113355965991
Archidonoyl Glycine,0.509541904315264,-1.09836908087265e-15,1.11718027763603,0.27086662251022,0.457374969130956,-5.83154858994294
TG (54:7) [M+Na]+,-0.520807305033857,5.42245646532417e-16,-1.11634880577781,0.271217778951131,0.457374969130956,-5.83244785129486
O-Phosphoethanloamine,0.408410975727303,-1.13682211792347e-14,1.11219492770097,0.272976945971781,0.459161221942278,-5.83693101055819
TG (46:2) [M+NH4]+,-0.476924848653048,-2.83771848611873e-16,-1.10872821001193,0.274451298964573,0.459938159568443,-5.84066056224632
"PS(14:1(9Z)/20:4(5Z,8Z,11Z,14Z))",-0.390512736038508,3.8048268239758e-16,-1.10737994910103,0.275026222295018,0.459938159568443,-5.84210809912425
Gluconic Lactone,-0.489363390022316,-1.35539727589655e-15,-1.10461893379784,0.276206235925078,0.459938159568443,-5.84506726715233
4-Hydroxyphenylacetic Acid,0.506664338344598,-9.57061397725371e-16,1.10310530906937,0.276854655771959,0.459938159568443,-5.84668658504034
Asparagine,0.456052308647935,2.38524477946811e-18,1.1013465271853,0.277609451783401,0.459938159568443,-5.84856556561806
Glyceric Acid,-0.452334072694523,5.01768765426291e-15,-1.10126239026813,0.277645596324853,0.459938159568443,-5.84865538220377
TG (50:0) [M+NH4]+,0.455599726124526,1.38069532658787e-15,1.09641177333517,0.27973501635318,0.462232168079814,-5.85382256557552
TG (46:1) [M+NH4]+,-0.479669601111895,4.23272528138341e-16,-1.08993968015874,0.2825401570561,0.465694329218094,-5.86068373261008
3-Hydroxyphenylacetic Acid,0.498230877549626,-1.78849990373209e-15,1.08723593673718,0.283717867031026,0.466463460582339,-5.86353872536437
LysoPE(18:2),-0.469141346897836,-2.64834450665793e-16,-1.07645574663035,0.28844788691582,0.473054534541945,-5.87485575391141
DG (36:2) [M+Na]+,-0.453421084544087,-1.95474423684653e-15,-1.07404875273577,0.289511507704984,0.473614835547306,-5.87736814090048
SM(d32:1),-0.427456098046521,1.26757689992522e-15,-1.06636411443733,0.292925615477277,0.478007969535059,-5.88535386056669
2-Hydroxyphenylacetic Acid,0.488635371926637,-1.17093834628434e-16,1.06335664542211,0.294269384331592,0.479009221145221,-5.88846447181027
10-Hydroxydecanoate,0.504375541785875,-2.13508319820329e-15,1.05967256743271,0.29592131571141,0.479653607258123,-5.89226362600468
Tiglylcarnitine,0.44275451329948,1.45138530823393e-15,1.05827914058816,0.296547803540115,0.479653607258123,-5.89369734195299
FA (16:1) [M-H]-,0.467318662038439,-7.62700088271136e-16,1.05758821415657,0.296858787418899,0.479653607258123,-5.8944075866936
PI(38:2),-0.412314372351051,-0.100476132292749,-1.05588240990322,0.297627535257679,0.479714160022205,-5.89615921426424
PI(36:2),-0.361865583416905,4.55075791864582e-16,-1.05277147185549,0.299033087295117,0.48050047891212,-5.89934686235514
Carnitine,0.341635854785224,2.49221939382001e-16,1.05156299440372,0.299580329077831,0.48050047891212,-5.90058274827724
PC(P-32:1),-0.37541053810003,1.61575035758273e-15,-1.04645640942538,0.301900437130956,0.482330883522406,-5.90579037606453
"2,3-Pyridinedicarboxylic Acid/Quinolinic Acid",-0.424053934830003,1.53922375424146e-15,-1.04581646238558,0.302192062694678,0.482330883522406,-5.90644130000963
Citric Acid,0.437314999643887,5.52567251214479e-15,1.04099710046267,0.304394516621153,0.484666997338535,-5.91133126115616
PC(42:5),-0.457209787893577,-3.66315774010436e-16,-1.0385519623045,0.305516173915257,0.485275084959828,-5.91380406842857
LPA(16:0)[M-H]-,-0.47741952402601,-1.21909499277891e-15,-1.03402129057508,0.307602050964408,0.487408080755196,-5.91837149856302
TG (50:1) [M+NH4]+,0.428634286504566,3.37519364309221e-15,1.03152031400221,0.30875766420636,0.488060307757524,-5.92088468785098
197.0635@3.33,0.38177107895343,-1.38257461035352e-15,1.0233487448571,0.312554239682266,0.492297756715005,-5.92905606541527
"PG(18:3(6Z,9Z,12Z)/18:3(6Z,9Z,12Z))",-0.402148221321884,-3.86265093984169e-16,-1.02252382035447,0.312939275228898,0.492297756715005,-5.92987755649021
PC(44:9),0.378307984979911,-1.73472347597681e-18,1.01528059670303,0.316334005772911,0.495474300130574,-5.93706372537088
FA (22:5) [M-H]-,0.463129090138036,-1.02081248546752e-15,1.01499344430921,0.31646910328462,0.495474300130574,-5.9373476197859
3-Phospho-Glycerate,0.414139863850575,-0.0151673119243695,1.00717235934133,0.320163849071877,0.500065440455122,-5.94505073205082
2-Octenoylcarnitine,-0.459335042449843,3.07161703479627e-15,-1.0050508414288,0.321171107245341,0.500447140980863,-5.94713051917246
N-Acetydserine,-0.441346879098418,1.06837282076722e-15,-1.00036547825457,0.323403248398247,0.502731115993483,-5.95170899710477
Fucose,-0.392433914882042,5.03648049191933e-16,-0.996841739217375,0.325088892224075,0.504156769028353,-5.95513898944822
Tyrosine,0.40103771223764,-3.06641286436834e-15,0.995196266515468,0.325878065489479,0.504188705096929,-5.95673675462556
SM(d38:0),-0.418839263632987,-0.0466539845805364,-0.983200802101833,0.331670219757926,0.510543327110369,-5.96830874449699
Folic Acid,-0.363780698588875,0.0843942355599578,-0.979245637137538,0.33359509480026,0.510543327110369,-5.97209507235328
PI(16:0/16:1(9Z)),-0.336892426701536,-7.30174023096571e-16,-0.978256336532978,0.334077730519837,0.510543327110369,-5.97303987522272
Methylglyoxal,-0.400210195470866,-2.53876780709206e-15,-0.977709309062026,0.334344801727546,0.510543327110369,-5.97356190840148
Biliverdin,0.349121726696411,-7.80625564189563e-18,0.977061947740183,0.334661042991251,0.510543327110369,-5.97417933262733
LPE (20:4) [M-H]-,-0.386856431237145,-3.35134119529753e-15,-0.976542572585824,0.334914906801766,0.510543327110369,-5.97467440843962
PE(36:3),0.375834387665815,9.28221619937257e-16,0.975007346547392,0.335666059174598,0.510543327110369,-5.97613634523024
1-Methyladenosine,-0.356672783915692,-1.17549199540878e-15,-0.973894082893459,0.336211459316584,0.510543327110369,-5.97719509606758
5'-Phosphoribosyl-N-formylglycinamide (FGAR),0.366891888128117,-8.6036501996863e-15,0.968967388214119,0.338632213358511,0.513031713540839,-5.98186674137167
3-OH-Linoleyl carnitine,-0.395098947385336,5.00756843398638e-16,-0.954452585839025,0.345831565402402,0.522731582728055,-5.99549907095396
DG (36:2) [M+NH4]+,-0.405531510283799,2.85177697428862e-15,-0.951046441438876,0.347535600019157,0.524099663477165,-5.99866974544527
PE (p-36:2) or PE (o-36:3) [M-H]-,-0.322838321152607,1.66244333114444e-15,-0.933031803296994,0.356640156537388,0.535793179543028,-6.01525926038189
3-Hydroxybutanoic Acid,0.32559301187546,-0.125969054080537,0.931558288322901,0.357391721263795,0.535793179543028,-6.01660281489193
2-Phosphoglyceric Acid,0.384085963687671,-0.0206354938895535,0.93087622372231,0.357739958292449,0.535793179543028,-6.01722403669578
PE (36:2) [M+H]+,-0.340153570767872,-1.21604115665974e-15,-0.92754339176683,0.359444770730541,0.537120204098486,-6.02025331891295
Pyridoxal,-0.387124343459359,-0.078365288030346,-0.922400497030795,0.362085860732343,0.539837101455492,-6.02490744242029
Butyrylcarnitine,0.345563993421553,-1.55445679476488e-15,0.90546707982081,0.370870919404403,0.551250609691839,-6.04005668355351
Orotic Acid,0.310584882002758,0.113502004411577,0.90281496255484,0.372259197906626,0.551250609691839,-6.04240503729992
Uracil 5-Carboxylic Acid/Isoorotic Acid,0.310582738244233,0.113502166230366,0.902809185241189,0.372262225752263,0.551250609691839,-6.04241014570396
SM(d38:3),0.361647453086565,-3.65679708735911e-15,0.898270166742161,0.374645992657716,0.553531016178968,-6.04641395389957
TG (52:3) [M+NH4]+,0.359007551767215,1.5011140478786e-15,0.894639034210146,0.376560009881612,0.555108688724354,-6.04960301130931
"PS(18:1(9Z)/20:4(5Z,8Z,11Z,14Z))",0.367374712564344,-3.04877650902924e-15,0.86680233794133,0.391440711503695,0.575751360417991,-6.07363909724413
5-Oxo-Proline,-0.354642182380945,-1.1393519229926e-15,-0.862427914426618,0.393812468208374,0.576614220128448,-6.07734994849207
FA (22:0) [M-H]-,-0.401374388916493,2.54541758041663e-15,-0.861234192579223,0.394461256571034,0.576614220128448,-6.07835945691887
Threonine,-0.372810055656385,4.08035873607678e-15,-0.860860850344651,0.39466430615499,0.576614220128448,-6.07867490964633
Homovanillic Acid,-0.314362067662299,-2.27219863295029e-15,-0.844375691140744,0.40369549636352,0.58849832358771,-6.09247276508031
PC(44:10),0.302306693357339,-0.0277790809639586,0.835848810844276,0.408416920829558,0.593480190189668,-6.09950888224087
"PS(16:1(9Z)/20:4(5Z,8Z,11Z,14Z))",0.367999596502063,1.15243462920726e-15,0.83493967883426,0.408922326167271,0.593480190189668,-6.10025501191766
PC (p-34:1) or PC (o-34:2) [M+H]+,-0.283486282435952,-1.72547161743826e-15,-0.816153260297274,0.419452489147626,0.607419057132103,-6.1154978881822
ADP,0.320930911065567,-0.0420984136908934,0.813846499156974,0.420756808976059,0.607965785657036,-6.11734647525285
Alanine,-0.345233787022493,-7.00481339599435e-15,-0.81118372425053,0.422265504704299,0.608804771617627,-6.11947408406147
Ascorbic Acid,0.38705675705775,-3.99044223590532e-15,0.808516381235514,0.423780088068098,0.609648547747089,-6.12159859366829
Stearoylcarnitine,-0.253787793658617,-0.177542318560661,-0.802894214755315,0.426983294021347,0.612912562096289,-6.12605445317871
LysoPC(14:1),0.246724088742816,0.145189746607075,0.796069125560938,0.43089150959633,0.617172118548455,-6.13142331723999
Glutarylcarnitine,0.265667095309091,-4.45187868051515e-15,0.794094876913776,0.432026023759748,0.617448957704564,-6.13296807205205
Ketoleucine,0.369817523463273,-2.55607890177941e-15,0.787403632995715,0.435884545149151,0.621609264386616,-6.13817605781693
Glutaric Acid,0.289551456337532,3.86554214563499e-16,0.77205928066141,0.444810520289118,0.632962475725947,-6.1499579454261
2-Methylcitric Acid,0.326406489312379,-4.6545522066251e-15,0.765244322264023,0.448809370345753,0.637270447936826,-6.15511867020129
DG (34:1) [M+NH4]+,-0.310806108662067,-1.57859836313889e-16,-0.762122613232015,0.450648173699736,0.638499356257077,-6.15746782038713
Paraxanthine,0.328272306331606,0.00359152347235244,0.744156096731288,0.461316967409428,0.652206747027122,-6.17080691039387
PE(38:3),0.27278521881192,-0.148403077478153,0.741831368953193,0.462708070350888,0.652766654086414,-6.17251031872357
PE(P-40:5),0.285932251592781,-1.67165904961057e-15,0.739310519011759,0.46421927638651,0.652853105938192,-6.17435158372564
Butyric Acid,0.254176218529207,-0.0543516442328229,0.737424649095145,0.465351687923915,0.652853105938192,-6.17572506988313
TG (58:4) [M+NH4]+,0.334324408773526,-2.19211223247603e-15,0.736753697967925,0.465754959724198,0.652853105938192,-6.17621290431021
PI(16:0/20:0),-0.254357430247006,4.08238258013209e-16,-0.733414652839417,0.46776487465743,0.654272404638111,-6.17863423797187
PC(P-40:6),0.238044943523399,1.01958372300537e-15,0.72970545649282,0.470003445705483,0.656004809325099,-6.18131145904983
N-Formylmethionine,0.272853766531862,-1.13537651502682e-15,0.722479886767327,0.474381833978394,0.660710155180098,-6.18648883500099
TG (50:6) [M+NH4]+,-0.327083994384141,-0.138639112199637,-0.715820282739894,0.478437817763196,0.664947475535289,-6.19121630090478
TG (44:0) [M+NH4]+,-0.322201567541016,3.96095193681371e-16,-0.71144438029516,0.481113618985309,0.666717818697304,-6.19429944075261
PC(P-40:1),-0.331218763946386,1.62138820887966e-15,-0.710415034506339,0.481744277534333,0.666717818697304,-6.19502201616701
Methylmalonic Acid,-0.295854393359363,-2.89409699908797e-16,-0.701737709602827,0.487079232051484,0.672212667936254,-6.20107279584777
GlcCer (d42:1) [M+HAc-H]-,-0.345661122655301,2.20859210549781e-15,-0.700627698092628,0.487764070026916,0.672212667936254,-6.20184159269676
Histidine,0.287410023527826,-3.96846907187628e-15,0.698900891731957,0.48883052158014,0.672270067414197,-6.20303522648074
1-Hexadecy2-Arachidonoyglycerol,-0.282224363647093,1.49475339513335e-16,-0.691585001642224,0.493363168970493,0.677084181683354,-6.20806040609649
2-Aminobutyric Acid,-0.270184310331495,2.38264269425414e-15,-0.688875421369265,0.495047841451223,0.677977837144055,-6.20990849793018
Putrescine,-0.311758518456344,1.95539475815002e-15,-0.682510755745963,0.499017587527387,0.680701676586997,-6.21422174564192
Valerylcarnitine,0.244761689198811,2.86807614694832e-15,0.682359642633824,0.499112052497478,0.680701676586997,-6.21432367841158
Dodecanedioylcarnitine,0.313195455939874,-2.28058312975084e-15,0.67842276060109,0.501576582640805,0.681841408104284,-6.21697152759395
3-OH-Stearoylcarnitine,0.231407915598722,-0.186338052558504,0.6770056259565,0.502465360867985,0.681841408104284,-6.21792099832512
PG(16:0/18:1(11Z)),-0.26496938508438,2.34910470705193e-15,-0.676048834361293,0.50306591695499,0.681841408104284,-6.2185609467232
FA (20:1) [M-H]-,0.32252097781045,-2.49203869345793e-16,0.66444671633508,0.510379572467432,0.69032783410028,-6.22625068586176
Taurolithocholic Acid,0.323551630995458,0.00746421719281884,0.661171233513689,0.512454762526214,0.691708486043614,-6.22839810475383
Tryptophan,-0.273338942059548,-8.67361737988404e-18,-0.652284542665739,0.518107902618406,0.697903047469558,-6.23417202101045
Cytosine,-0.235291730593333,0.131265868824025,-0.636776727768122,0.528052709875765,0.707902642365299,-6.24406485797757
3-Hydroxymethylglutaric Acid,0.248408298799621,9.25474974433627e-16,0.636601420500305,0.528165705844676,0.707902642365299,-6.2441753599521
PC(32:0),0.261458611317337,-6.85042300663241e-15,0.635666177405719,0.528768742010666,0.707902642365299,-6.24476437150787
TG (54:0) [M+Na]+,0.280291036622408,-3.16731594655432e-16,0.630680059598831,0.531989883099935,0.708507655954347,-6.24789029920921
Betaine,0.23103501457003,1.86078004856446e-15,0.630358833082783,0.532197756220425,0.708507655954347,-6.24809085831496
N-Acetydglutamic Acid,0.253319718484807,4.07717840970416e-15,0.629952470475495,0.532460784124227,0.708507655954347,-6.24834442918052
Choline,0.246129496031798,5.0913411218471e-15,0.61050171760223,0.545130257321429,0.723063033270392,-6.26029438984095
Sulfite,0.240592883395418,-6.57966158409036e-16,0.609779036545657,0.545603965653725,0.723063033270392,-6.26073130734955
5-Hydroxyindoleacetic Acid,-0.26834150700756,1.51567849706232e-15,-0.603003589028623,0.550055485569851,0.727159129295117,-6.26480291819175
TG (52:5) [M+NH4]+,-0.27481180265022,-2.52113145175296e-16,-0.600712472296759,0.551564963960444,0.727159129295117,-6.26616963854701
Hippuric Acid,-0.2521991353943,-2.92011785122763e-16,-0.600022146161636,0.55202019266611,0.727159129295117,-6.26658043847187
FA (22:6) [M-H]-,0.261795015888567,-2.09901540593194e-16,0.594415556296508,0.555724492136674,0.73057167703739,-6.26989964718979
TG (44:1) [M+NH4]+,-0.257240566245653,-0.0439861306666491,-0.58564869891764,0.561541966896181,0.73674306056779,-6.27502849550923
"PG(16:0/18:2(9Z,12Z))",-0.185181600368361,1.82608557904492e-15,-0.579425515848725,0.565690020140258,0.740703898626765,-6.27862381605108
Indoxyl Sulfate,0.239938804104834,8.72204507692172e-16,0.575047116210268,0.56861757627651,0.741171760738387,-6.28113074062702
TG (56:3) [M+NH4]+,-0.232630103147282,-3.61400724161835e-16,-0.574971218104778,0.568668390800987,0.741171760738387,-6.28117403261264
"PS(18:1(9Z)/22:6(4Z,7Z,10Z,13Z,16Z,19Z))",-0.199044051031771,-1.9024134119879e-15,-0.572282834029779,0.570469743971394,0.741171760738387,-6.28270385483741
SM (d32:2) [M+H]+,0.256420469304986,-7.58941520739853e-16,0.57099943850891,0.571330679429797,0.741171760738387,-6.28343168529517
"PS(18:0/22:6(4Z,7Z,10Z,13Z,16Z,19Z))",-0.199458702851576,2.18083652988218e-15,-0.570454384116785,0.571696510569548,0.741171760738387,-6.28374030698774
Histamine,0.245191047298873,1.29063426612674e-15,0.567828494712954,0.573460583202742,0.741992391678499,-6.28522308340398
PC (38:4)  [M+H]+,-0.213524053831132,-3.85180891811684e-15,-0.560555656574802,0.578360433530156,0.746859142511382,-6.2892947701434
Phenylpyruvic Acid,-0.223852870729833,-1.1420262883514e-15,-0.555428072443705,0.581827240315523,0.749859861781892,-6.29213441661918
Glutamic Acid,0.224436501181254,5.09141340199193e-16,0.552540110579616,0.583784252526253,0.750906803249455,-6.29372246494759
"PS(14:0/22:6(4Z,7Z,10Z,13Z,16Z,19Z))",-0.226074158230938,-2.86807614694832e-16,-0.539776922041672,0.592471106604053,0.760589130982894,-6.30064318920049
5-Hydroxyisourate,-0.191220349079944,2.48094369122616e-15,-0.531290723431429,0.598280876555614,0.76654737308688,-6.30515661557274
"PS(16:0/22:6(4Z,7Z,10Z,13Z,16Z,19Z))",-0.178751989809566,1.38199636919486e-15,-0.524809263036625,0.602736202654898,0.770750387800415,-6.30855635752868
TG (53:2) [M+NH4]+,-0.223647279391566,5.7043490301704e-16,-0.521001400407948,0.605360930780532,0.772600720996166,-6.31053453274573
Malic Acid,-0.219789214297038,1.94404677541134e-15,-0.515504303318502,0.60915939428162,0.7759389565995,-6.31336521611641
TG (52:5) [M+Na]+,-0.233145003380605,-1.14086980603408e-15,-0.512003959969044,0.61158384151306,0.777500313485314,-6.31515226204473
2-Methylbutyroylcarnitine,0.181383941168795,1.58495901588414e-15,0.510314527475777,0.612755582426688,0.777500313485314,-6.31601047977149
DG (36:3) [M+NH4]+,-0.214924850113707,-4.60279962292513e-16,-0.506515954618587,0.615393919120384,0.779340561665969,-6.31792990701407
"PI(18:0/22:4(10Z,13Z,16Z,19Z))",0.223862924916283,4.34201286036995e-15,0.502764380114972,0.61800469609828,0.780945960180183,-6.31981170114011
TG (52:4) [M+NH4]+,0.223003969334789,1.58438077472548e-15,0.501275062386489,0.619042529411121,0.780945960180183,-6.3205549175639
TG (56:7) [M+Na]+,0.212364194119093,-2.93059847222832e-15,0.496987496437081,0.622034731836066,0.783214556783991,-6.32268240034263
PC (38:5) [M+H]+,0.171710235768221,-2.93218863541463e-15,0.494510664894823,0.623766228709042,0.783876927150732,-6.32390318108989
PC(36:8),-0.207754659831608,2.29735212335195e-15,-0.492818167915407,0.624950659908281,0.783876927150732,-6.32473391665318
3-Indoleacetic Acid,0.168434400666927,0.106832931495251,0.490251393100024,0.626748844177997,0.784632140802988,-6.32598841265692
PC(P-38:5),0.1632990067683,-2.43728648374741e-15,0.48050113649483,0.63360046704727,0.789738912636661,-6.33069483577781
PS(14:1(9Z)/16:1(9Z)),-0.16566651158936,8.34763392669006e-16,-0.480381753912283,0.633684563021134,0.789738912636661,-6.33075188281138
PS(14:0/14:1(9Z)),-0.218442762604979,-1.64943290507461e-16,-0.478969463934565,0.634679787238374,0.789738912636661,-6.33142568376347
N1-Acetylspermidine,0.188378024317053,-5.68627899396231e-16,0.47760279751958,0.63564351504902,0.789738912636661,-6.33207585203396
PE(P-38:6),-0.160779821673098,2.69749500514394e-15,-0.472170900263915,0.639480240319581,0.793003851889688,-6.3346418390161
Glycinamide,-0.219434801183418,2.79630196312978e-15,-0.467941829644428,0.642474334014589,0.793890697440488,-6.33661953862477
DG (36:4) [M+NH4]+,-0.211520152232443,7.45931094670027e-16,-0.467294091685847,0.642933454400707,0.793890697440488,-6.33692089640941
DG (36:3) [M+Na]+,-0.197457416343207,1.79601703879465e-15,-0.466035449682192,0.643825992436493,0.793890697440488,-6.33750529531284
Guanidinosuccinic Acid,0.178438612400641,-4.09047795635331e-15,0.459940671854169,0.648155506881621,0.796777762178018,-6.3403131146743
TG (54:6)  [M+Na]+,-0.217126586477068,-2.48470225875745e-15,-0.459320809648293,0.648596532016862,0.796777762178018,-6.34059663328258
PS(16:0/18:1(9Z)),-0.158852351068746,1.46728694009705e-15,-0.450852190879966,0.654634639871894,0.802692193936379,-6.34443221859295
Trimethyllysine,-0.189765274116953,2.5705710708183e-15,-0.445061966536248,0.658776649611582,0.803828131018436,-6.34701407049786
PI(40:5),-0.155750195988077,-3.41162283608772e-16,-0.444655237853759,0.65906801247278,0.803828131018436,-6.34719418901195
PS(14:0/16:0),-0.202146507068548,9.48315500200655e-17,-0.443823761140582,0.659663813834004,0.803828131018436,-6.34756189878897
PC(P-36:2),0.15579664878506,-2.6529704359272e-15,0.442709716975975,0.660462443016672,0.803828131018436,-6.3480535028182
TG (54:6)  [M+NH4]+,-0.20700458144595,2.40895266697313e-15,-0.440598173628077,0.661977256277997,0.804179777996974,-6.34898192704376
DG (38:6) [M+Na]+,0.184960339689542,1.21719763897706e-16,0.432431644176912,0.667849393661566,0.809813682517537,-6.35253131023787
PI(34:1),-0.148719011664953,1.7925475918427e-16,-0.428352569584759,0.670790413385075,0.810298447994465,-6.35427956071003
Methylglutarylcarnitine,0.142972732492209,1.00440489259057e-15,0.427557664864322,0.671364153799563,0.810298447994465,-6.35461833871876
TG (58:2) [M+Na]+,-0.203394163079939,3.52293425912957e-16,-0.426739611063091,0.671954810531995,0.810298447994465,-6.35496633192721
N(4)-Acetylcytosine,0.199968588558272,-0.00530967943776827,0.416901527288022,0.67907457297218,0.815791140939318,-6.35909966222215
TG (56:6) [M+Na]+,0.157712252642687,1.07495031394696e-15,0.414792404135778,0.680604843241142,0.815791140939318,-6.35997334823115
PAF C18:1 /PC(O-18:1/2:0),-0.156270740886653,9.91683587100075e-16,-0.414692879104319,0.680677087284744,0.815791140939318,-6.36001446713479
Nicotinamide N-Oxide,0.199781358518439,2.97288235695525e-15,0.413509130997675,0.681536589428037,0.815791140939318,-6.36050278457442
TG (54:4) [M+Na]+,-0.197922186761893,-2.35228503342455e-15,-0.411869726227681,0.682727646914155,0.815791140939318,-6.36117678422275
Keto-decanoylcarnitine,0.181891505556506,-7.97972798949331e-17,0.40936583216267,0.684548356911421,0.816479494788895,-6.36220107562097
SM(d42:0),-0.167386339277504,-6.36065274524829e-17,-0.4057581640819,0.687175029479787,0.817899477194326,-6.36366601261786
TG (56:2) [M+NH4]+,-0.153047261291451,-3.94158085799863e-15,-0.404307297784327,0.68823248690742,0.817899477194326,-6.36425153025386
"PG(16:1(9Z)/22:6(4Z,7Z,10Z,13Z,16Z,19Z))",0.172153994601653,-2.52922682797418e-15,0.397231286535551,0.693398856962305,0.82254909614335,-6.36707735339905
PE(P-40:6),0.135354639475446,-3.18263933725878e-15,0.392486974964398,0.696871131246777,0.825175924364415,-6.36894429972024
PI(40:7),-0.131301877350683,1.20968050391449e-15,-0.387307327089013,0.700669569972187,0.826119941426828,-6.37095715120253
Cholesteryl Acetate,0.166239975635052,4.42412310489952e-15,0.386612466881496,0.701179733205583,0.826119941426828,-6.37122516137792
SM(d42:2),-0.155172470086566,4.72480850740216e-15,-0.385737350529162,0.701822438988639,0.826119941426828,-6.37156201773533
Allantoin,-0.165235660472952,-1.19377887205137e-15,-0.384535208030139,0.702705681884405,0.826119941426828,-6.37202352074281
DG (34:2) [M+Na]+,-0.159070307990368,1.31905843308207e-15,-0.382286045631284,0.704359315627433,0.826215633326566,-6.37288313663109
"PG(16:1(9Z)/18:3(6Z,9Z,12Z))",-0.17640087975029,-1.9573463220605e-16,-0.379860523976196,0.706144241857226,0.826215633326566,-6.37380454846592
1-Methylhistidine,-0.154994142132738,-0.0353323090596926,-0.379288408558426,0.70656550350031,0.826215633326566,-6.37402103653297
PS(14:0/14:0),-0.168488548026177,-5.22486061938869e-16,-0.368907794137046,0.71422509946857,0.833428319865858,-6.37789280421883
Uric Acid,-0.123558414412124,-2.14816590441795e-15,-0.366717943775128,0.715844797745159,0.833428319865858,-6.37869595353958
"PG(18:3(6Z,9Z,12Z)/22:6(4Z,7Z,10Z,13Z,16Z,19Z))",0.165575213517913,3.60330978018316e-15,0.365771711526671,0.71654507988467,0.833428319865858,-6.37904152470862
TG (50:2) [M+Na]+,-0.140863899250211,-4.62592926927149e-18,-0.360673369171623,0.720322483753289,0.836339025384349,-6.38088822094598
FA (15:0)  [M-H]-,0.180716598176554,-7.95659834314696e-16,0.356754730521623,0.723230672324058,0.838206257916472,-6.38229011421972
Deoxyribose,0.155346512874494,1.96298417335742e-15,0.353908059236219,0.72534591969597,0.838206257916472,-6.3832989725926
DG (34:2) [M+NH4]+,-0.146040529412814,2.2840525767028e-16,-0.353345820635961,0.725763955025238,0.838206257916472,-6.38349728016619
Vanillylmandelic Acid,0.162131153963407,3.42897007084749e-16,0.345802631331054,0.731380630889119,0.843208600814169,-6.38612755124302
Lipoic Acid,0.14622559204088,-1.62370117351429e-15,0.342722081772803,0.733678746770615,0.844374136634252,-6.38718550479717
PC(O-34:3),0.116320965895523,-3.69843045078255e-15,0.338489015522823,0.736840696496631,0.845470599217084,-6.38862392109539
GlcCer (d40:1) [M+HAc-H]-,0.126196230928219,1.01192202765314e-15,0.337996192632235,0.737209120049042,0.845470599217084,-6.38879023003697
CPA(18:0)[M-H]-,-0.12517113086441,-7.64217971312616e-16,-0.32866855954372,0.744194002972267,0.851211736624352,-6.39189252631208
TG (53:3) [M+NH4]+,-0.135454680674799,1.87566975839992e-15,-0.326560930654786,0.745775333953401,0.851211736624352,-6.39258155271462
2-Ketoisocaproic acid,-0.138626982648045,-1.01712619808107e-15,-0.326115241771414,0.746109872378778,0.851211736624352,-6.39272669284792
DG (36:4)[M+Na]+,-0.145774868884069,-1.98452365651747e-15,-0.324389862811784,0.747405427279919,0.851211736624352,-6.39328671001565
PE(P-38:5),-0.129814206030076,-3.80049001528586e-15,-0.319251518985351,0.751268096655638,0.85402011900616,-6.39493699475227
TG (58:1) [M+Na]+,-0.153252051066328,6.69603261727048e-16,-0.317647742332285,0.752475043880428,0.85402011900616,-6.39544671447852
PG(16:0/16:0),-0.129394615527513,-2.2664162213637e-15,-0.313998253190893,0.75522386526155,0.855659508828285,-6.39659709595789
4-Hydroxyphenyllactate,-0.117573256553875,3.18292845783811e-15,-0.311584713809876,0.757043534539828,0.856242342514013,-6.39735062056519
Mevalonic Acid,-0.14328464971947,-6.43654689732228e-16,-0.306826900709779,0.760634744918079,0.858039614657745,-6.39881910353417
3-OH-Oleoylcarnitine,0.127985320886471,-8.60025303287918e-16,0.30601440134439,0.761248560565256,0.858039614657745,-6.3990676312709
Adrenoyl Ethanolamide,-0.110353227157913,0.120634818079068,-0.300171096010252,0.765667558510642,0.860777814855464,-6.40083566811958
Melilotate,0.103223566405084,2.79868720790925e-16,0.299332764649403,0.766302201029864,0.860777814855464,-6.40108654364581
TG (56:6) [M+NH4]+,0.11655891599276,-1.53638675855679e-15,0.296248802793902,0.768638254605628,0.861920278423001,-6.402003427628
TG (54:3) [M+Na]+,0.113358880095921,-0.113414252364186,0.293971829670795,0.770364430578706,0.861920278423001,-6.40267432307014
PC(P-34:1),-0.0988481576508051,0.112820388430149,-0.29278981965772,0.771260980844972,0.861920278423001,-6.40302056305482
Glyoxylic Acid,0.123585086528437,6.35953240300339e-15,0.283189702056254,0.77855430141316,0.867011308640673,-6.40578122967249
Dimethylnonanoyl carnitine,0.11266588123391,-5.5395502999526e-16,0.280866828574754,0.780322094000551,0.867011308640673,-6.40643544113797
N-Acetylaspartic Acid,0.0999857152046016,1.81394251471308e-15,0.279195685137939,0.781594627134161,0.867011308640673,-6.40690278140303
TG (54:4) [M+NH4]+,-0.135121079350171,-2.79984369022657e-15,-0.27869135309489,0.781978782738208,0.867011308640673,-6.40704327380862
TG (50:2) [M+NH4]+,-0.107165234714905,-2.51968584885631e-15,-0.278105846230473,0.782424839504998,0.867011308640673,-6.40720606187515
"PS(DiMe(11,3)/DiMe(11,5))",-0.108111127874891,0.0260409809251447,-0.269662654703511,0.788865315667992,0.872673941109954,-6.40951560403023
PS(14:0/18:1(9Z)),-0.0950695619705388,-5.11454304833829e-16,-0.265539041371715,0.792016304223249,0.873436399750935,-6.41061779582223
lysoPC(28:0),0.104441583345477,5.12032545992488e-16,0.265275943826329,0.792217466237509,0.873436399750935,-6.41068754439349
Creatinine,0.0785794781015355,0.149254383662334,0.257212800379345,0.79838938327863,0.877354875159286,-6.41279171948803
Pipecolinic Acid,-0.0895309784979879,8.38594240345122e-16,-0.255787007998157,0.799482129773547,0.877354875159286,-6.4131570640748
N1-Methy2-Pyridone-5-Carboxamide(2-PY),0.121273732181588,1.20982506420416e-15,0.255393404431616,0.799783864855568,0.877354875159286,-6.41325756448045
"PG(18:0/22:6(4Z,7Z,10Z,13Z,16Z,19Z))",-0.0940784577940241,6.01457541179092e-15,-0.239926738970752,0.811664702572456,0.888261254422048,-6.4170846027514
Sorbitol,0.11198541766096,2.06605565988838e-15,0.237806284079828,0.813297135126122,0.888261254422048,-6.41759071245711
"PS(DiMe(11,3)/DiMe(9,3))",-0.102258056529532,0.00506130918193674,-0.235079939934109,0.81539725024514,0.888261254422048,-6.41823485360088
TG (54:5) [M+NH4]+,-0.111452889592157,1.8876682624421e-15,-0.234247191555731,0.816038995789267,0.888261254422048,-6.41843012691242
SM(d40:3),0.091655777300302,-1.29930788350663e-15,0.233653953347199,0.81649624453734,0.888261254422048,-6.41856881543739
PA(40:9)[M-H]-,-0.110311180065417,4.07081775695891e-16,-0.231144597043721,0.818431091409745,0.888892046299325,-6.41915157950711
TG (52:2) [M+NH4]+,0.0929688645451396,-2.43179319274015e-15,0.227371192209267,0.821342748384489,0.889294987229685,-6.42001608976114
"Anandamide (18:2,N-6)",0.0801241401390916,-0.155051395525621,0.226123868120417,0.82230578112379,0.889294987229685,-6.42029873887175
PE(P-36:2),-0.0835402890251541,8.23993651088983e-16,-0.225394565130133,0.822868989707956,0.889294987229685,-6.4204632837683
PI(40:6),0.0774247882843716,3.08780778723872e-16,0.221090179261549,0.826195000167599,0.890880417901057,-6.42142363876757
N-Acetylaspartiylglutamate (NAAG),-0.0924913269692839,1.05908482215626e-15,-0.218232081286002,0.828405256599132,0.890880417901057,-6.42205110839989
Pimelylcarnitine,-0.0912289598550317,1.49301867165737e-15,-0.218225762488709,0.82841014469458,0.890880417901057,-6.4220524866131
"PS(20:4(5Z,8Z,11Z,14Z)/22:6(4Z,7Z,10Z,13Z,16Z,19Z))",-0.0819580570072429,-4.25397564396413e-15,-0.214561830921185,0.831245646069583,0.892466683832482,-6.42284493510152
"PS(18:0/18:2(9Z,12Z))",-0.0762579521842348,3.93626826735346e-15,-0.2060985814063,0.837803994018741,0.898038268098519,-6.42462422818717
2-Aminoadipic Acid,-0.078564660148242,3.90385062239614e-16,-0.202903842620021,0.840282739335014,0.898051427814397,-6.42527731082954
Trimethylamine N-Oxide,0.0940038603788007,-4.30789663200907e-17,0.202554057022386,0.840554232740915,0.898051427814397,-6.42534819724057
Malonylcarnitine,-0.0654236238878425,-6.97358837342676e-16,-0.200434198290876,0.842200026079758,0.898346694485075,-6.42577518987242
TG (54:5)  [M+Na]+,-0.0935464835840281,-2.89337419763965e-15,-0.196151604196078,0.845527080490501,0.900431436366507,-6.4266241356283
TG (56:7)  [M+NH4]+,0.0815655733969744,3.27327863887857e-15,0.191623418383816,0.849048045852701,0.902715588459273,-6.42750186363478
Glycerol 1-Phosphoserine,0.0632551786434452,0.110752583382257,0.180427824441938,0.857766663754968,0.910509597772264,-6.42958414830376
TG (56:8)  [M+Na]+,-0.0747430281126651,-1.76537025738573e-15,-0.172740352156665,0.863763848127453,0.914463032528829,-6.43094150881315
Gluconic Acid,0.07307523428739,-2.05391259555654e-15,0.172080391138723,0.864279085621759,0.914463032528829,-6.43105528694737
"PS(14:0/18:2(9Z,12Z))",-0.0546212890952965,-1.58871758341543e-15,-0.158206514832972,0.875124088555784,0.920456694366571,-6.43334649326798
PC(36:7),-0.0584082151739046,0.136588976159498,-0.156959892753543,0.876099781959929,0.920456694366571,-6.43354295528679
Succinoadenosine,0.0566235248273389,-3.97251675998689e-16,0.156627648326303,0.876359852731885,0.920456694366571,-6.43359505355091
Glucuronolactone,-0.0740622438582431,-7.21644966006352e-16,-0.156541646235367,0.876427174799545,0.920456694366571,-6.43360852132096
"PS(14:0/20:4(5Z,8Z,11Z,14Z))",0.0725218094503092,8.00285763583967e-16,0.155861653323928,0.876959503016931,0.920456694366571,-6.43371474684782
Hexadecenoylcarnitine,0.0618337985988919,2.67291975590093e-16,0.14911993202407,0.882240308311395,0.924310403039339,-6.43474292047758
TG (56:8)  [M+NH4]+,-0.0633627708942877,2.51838480624933e-15,-0.146572529087657,0.884237125611199,0.924310403039339,-6.43511960366231
Ribose 5-Phosphate,0.0657664900528626,8.49147141490647e-16,0.145317033421402,0.885221545523506,0.924310403039339,-6.43530286827446
3-Hydroxyglutaric Acid,-0.0524311200937431,-2.36153689196309e-15,-0.143983775590268,0.88626713949961,0.924310403039339,-6.43549575972594
PI(34:2),-0.0479758173223704,1.17700987845026e-15,-0.140369625919839,0.889102529881009,0.925795650161813,-6.43600971099925
PE(P-40:7),0.0455017120622188,-1.73877116408742e-15,0.137441682692895,0.891400657875265,0.92671764115083,-6.43641651070649
LPA(18:0)[M-H]-,-0.0504644108010277,-7.06610695881219e-16,-0.132757243758038,0.89507941534633,0.92794350344324,-6.4370495363697
Phenylalanine,0.0571791099388425,-1.07538399481596e-15,0.132337834838757,0.895408898901785,0.92794350344324,-6.43710514310871
Chenodeoxycholate,0.0585696896818974,0.00349947429269514,0.129917347032144,0.897310775174433,0.928447742136321,-6.4374226253245
TG (46:0) [M+NH4]+,-0.0586366137556836,5.74482591127653e-16,-0.127931752324738,0.898871396706383,0.928597852345492,-6.43767869331919
"PG(16:0/20:3(5Z,8Z,11Z))",-0.0388116190819395,2.14643118094197e-15,-0.124093293665849,0.901889464549669,0.930250768466325,-6.43816254050993
PC(O-34:0),0.0474311997454273,4.79361920528258e-16,0.114067488378571,0.909779305261825,0.936915579673089,-6.43935684928606
5-Hydroxymethyluracil,-0.0433941642832238,-2.95698072509213e-16,-0.100129821183401,0.920762810187214,0.946740444330427,-6.44085020191995
DG (38:6) [M+NH4]+,-0.0410380773716791,-5.6891701997556e-16,-0.0976997300783525,0.922679502567397,0.947226531587187,-6.44109068919104
PA(44:9)[M-H]-,-0.0382513944828886,-6.7365094983766e-17,-0.0827899462284505,0.934449125441368,0.956983467475128,-6.44243692296631
PC(P-38:6),0.0273856532736305,2.85535484145782e-15,0.0819644499458383,0.935101223554203,0.956983467475128,-6.4425049631221
TG (54:2) [M+NH4]+,0.0326824927180791,-1.60895602396849e-16,0.0724117172433895,0.942650550464031,0.962633661149834,-6.44324274908529
Menaquinone (Vit K2),-0.0323254178826584,1.16284297006312e-15,-0.071265091144203,0.943557079450218,0.962633661149834,-6.44332517058501
Acetoacetic Acid,0.0249286920671322,1.06613213627741e-15,0.0568906960418668,0.954927607691188,0.97272128982208,-6.44424683211238
SM(d40:2),0.019368812857978,-2.61856508698699e-15,0.0437953402921662,0.965294751771465,0.980733288056668,-6.44490653523271
FA (22:1) [M-H]-,-0.0194605373575744,-5.29119572230859e-15,-0.0431787049801503,0.965783085494829,0.980733288056668,-6.44493336939325
2-ketoglutaramate,-0.0142917265540186,3.49546780409327e-16,-0.0358361813621936,0.971598842762838,0.981726104040103,-6.44522365660293
TG (60:3) [M+NH4]+,-0.0134602683324876,-0.130276750730663,-0.0357404904496023,0.971674647266232,0.981726104040103,-6.44522708364338
PC (p-34:2) or PC (o-34:3) [M+H]+,-0.0117607624344946,1.81032850747146e-15,-0.0346743336473739,0.972519254041221,0.981726104040103,-6.44526464685269
Pantothenic Acid,-0.0128754100722032,-5.78241158658936e-19,-0.0337134002593013,0.973280530566669,0.981726104040103,-6.44529752821653
2-Ketobutyric Acid,0.0142559798291613,1.84632401959798e-15,0.0324980037638723,0.974243435564187,0.981726104040103,-6.44533779342493
TG (54:3) [M+NH4]+,0.00746680508637335,-0.116141658957028,0.019171660515701,0.984803551127652,0.990845290705122,-6.44568232598438
Gentisic Acid,-0.00781703498390499,2.68318353646713e-15,-0.0168195639728049,0.98666775139868,0.99120068134385,-6.44572468441753
3-Methylglutarylcarnitine,0.002826039534503,1.33429147360549e-16,0.00925912273289417,0.992660387121202,0.995696045797413,-6.44582334021584
GlcCer (d38:1) [M+HAc-H]-,-0.00185533014573136,-3.46998905303986e-15,-0.00458871332308914,0.996362533160554,0.996389421349077,-6.44585570167838
FA (20:5) [M-H]-,-0.00199070038141641,8.5868812060852e-16,-0.00455479327017917,0.996389421349077,0.996389421349077,-6.44585585686738
